Workbook

Sheet Monthly Detail 2025-26
A1: Nielsen The Gauge — Monthly TV Viewing Share (%)
A2: Complete run, April 2025 through April 2026. Source: Nielsen 'The Gauge' monthly reports / user-provided chart.
A4: Month | B4: Broadcast % | C4: Cable % | D4: Streaming % | E4: Other % | F4: Check (should = 100%)
A5: April 2025 | B5: 0.208 | C5: 0.245 | D5: 0.443 | E5: 0.103 | F5: =SUM(B5:E5) -> 0.999
A6: May 2025 | B6: 0.201 | C6: 0.241 | D6: 0.448 | E6: 0.109 | F6: =SUM(B6:E6) -> 0.999
A7: June 2025 | B7: 0.185 | C7: 0.234 | D7: 0.46 | E7: 0.121 | F7: =SUM(B7:E7) -> 1
A8: July 2025 | B8: 0.184 | C8: 0.222 | D8: 0.473 | E8: 0.121 | F8: =SUM(B8:E8) -> 1
A9: August 2025 | B9: 0.191 | C9: 0.225 | D9: 0.464 | E9: 0.12 | F9: =SUM(B9:E9) -> 1
A10: September 2025 | B10: 0.223 | C10: 0.223 | D10: 0.452 | E10: 0.102 | F10: =SUM(B10:E10) -> 1
A11: October 2025 | B11: 0.229 | C11: 0.222 | D11: 0.457 | E11: 0.091 | F11: =SUM(B11:E11) -> 0.999
A12: November 2025 | B12: 0.232 | C12: 0.205 | D12: 0.467 | E12: 0.096 | F12: =SUM(B12:E12) -> 1
A13: December 2025 | B13: 0.214 | C13: 0.202 | D13: 0.475 | E13: 0.109 | F13: =SUM(B13:E13) -> 1
A14: January 2026 | B14: 0.215 | C14: 0.212 | D14: 0.47 | E14: 0.103 | F14: =SUM(B14:E14) -> 1
A15: February 2026 | B15: 0.217 | C15: 0.2 | D15: 0.48 | E15: 0.103 | F15: =SUM(B15:E15) -> 1
A16: March 2026 | B16: 0.203 | C16: 0.214 | D16: 0.476 | E16: 0.107 | F16: =SUM(B16:E16) -> 1
A17: April 2026 | B17: 0.199 | C17: 0.216 | D17: 0.476 | E17: 0.11 | F17: =SUM(B17:E17) -> 1.001
A19: Note: 'Other' includes unmeasured tuning, VOD, gaming, audio, and linear streaming viewed via set-top box.

Sheet Historical 2021-2024
A1: Nielsen The Gauge — Historical Data Points (2021–2024)
A2: Compiled from individual Nielsen press releases and news coverage. Full 4-category monthly breakdowns for this period are not all publicly archived by Nielsen — gaps are marked N/A.
A4: Month | B4: Broadcast % | C4: Cable % | D4: Streaming % | E4: Other % | F4: Source / Note
A5: May 2021 (Gauge launch) | B5: 0.25 | C5: 0.39 | D5: 0.26 | E5: N/A | F5: First-ever Gauge report; combined B+C=64%, streaming 26%. Other implied ~10%. Source: Nielsen 4-yr anniversary recap (2025).
A6: March 2022 | B6: N/A | C6: N/A | D6: 0.297 | E6: N/A | F6: Streaming share only, cited in May 2022 release. Source: Nielsen/PRNewswire.
A7: April 2022 | B7: N/A | C7: N/A | D7: 0.304 | E7: N/A | F7: Streaming share only, cited in May 2022 release. Source: Nielsen/PRNewswire.
A8: May 2022 | B8: 0.244 | C8: 0.365 | D8: 0.319 | E8: N/A | F8: Source: Nielsen 'Streaming Captures Nearly 32%' release, June 2022.
A9: March 2023 | B9: N/A | C9: N/A | D9: 0.341 | E9: N/A | F9: Streaming share only, cited as YoY comparison in March 2024 release. Source: Nielsen.
A10: December 2023 | B10: 0.235 | C10: 0.282 | D10: 0.359 | E10: N/A | F10: Cited as YoY comparison in Dec 2024 coverage. Source: StreamTV Insider / Nielsen.
A11: March 2024 | B11: N/A | C11: 0.283 | D11: 0.385 | E11: N/A | F11: Broadcast not specified in release. Source: Nielsen, PRNewswire, April 2024.
A12: April 2024 | B12: N/A | C12: 0.291 | D12: N/A | E12: N/A | F12: Cable only cited. Source: Nielsen Media Distributor Gauge launch release, May 2024.
A13: June 2024 | B13: N/A | C13: 0.272 | D13: 0.403 | E13: N/A | F13: Broadcast not specified. Streaming set an all-time record at the time. Source: Nielsen, July 2024.
A14: October 2024 | B14: 0.24 | C14: N/A | D14: N/A | E14: N/A | F14: Source: Nielsen, Nov 2024 release.
A15: November 2024 | B15: 0.237 | C15: N/A | D15: N/A | E15: N/A | F15: Source: Nielsen, Dec 2024 release.
A16: December 2024 | B16: 0.224 | C16: 0.238 | D16: 0.433 | E16: N/A | F16: Source: StreamTV Insider comparison of Nielsen Dec 2024 Gauge vs Dec 2023.

Sheet Annual Trend (May & Dec)
A1: Nielsen The Gauge — Year-over-Year Trend
A2: May and December are used because Nielsen itself publishes year-over-year comparisons for these two months (May = Gauge anniversary month; December = holiday viewing recap).
A4: Period | B4: Broadcast % | C4: Cable % | D4: Streaming % | E4: Other % | F4: Source / Note
A5: May 2021 | B5: 0.25 | C5: 0.39 | D5: 0.26 | E5: N/A | F5: Gauge launch month. Source: Nielsen 4-year anniversary recap, June 2025.
A6: May 2022 | B6: 0.244 | C6: 0.365 | D6: 0.319 | E6: N/A | F6: Source: Nielsen, June 2022 release.
A7: May 2025 | B7: 0.201 | C7: 0.241 | D7: 0.448 | E7: 0.109 | F7: Streaming exceeds broadcast+cable combined for first time. Source: Nielsen, June 2025.
A8: December 2023 | B8: 0.235 | C8: 0.282 | D8: 0.359 | E8: N/A | F8: Source: StreamTV Insider (Nielsen data), Jan 2025.
A9: December 2024 | B9: 0.224 | C9: 0.238 | D9: 0.433 | E9: N/A | F9: Source: StreamTV Insider (Nielsen data), Jan 2025.
A10: December 2025 | B10: 0.214 | C10: 0.202 | D10: 0.475 | E10: 0.109 | F10: All-time high streaming share at time of release. Source: Nielsen, Jan 2026.
A12: Change, May 2021 → May 2025 (Nielsen-reported) | B12: -21% | C12: -39% | D12: +71% | E12: N/A | F12: Percent CHANGE in usage (not share points). Source: Nielsen 4-year anniversary release, June 2025.

Sheet Chart Data
A1: Streaming Share Trajectory — All Known Data Points (chronological)
A3: Period | B3: Streaming % | C3: Linear % (Cable+Broadcast) | D3: Sheet Reference | E3: Date (helper) | F3: Broadcast % | G3: Cable % | H3: Other %
A4: May 2021 | B4: ='Historical 2021-2024'!D5 -> 0.26 | C4: =IF(AND(ISNUMBER('Historical 2021-2024'!B5),ISNUMBER('Historical 2021-2024'!C5)),'Historical 2021-2024'!B5+'Historical 2021-2024'!C5,NA()) -> 0.64 | D4: See detail/historical sheets | E4: =DATE(RIGHT(A4,4),MATCH(LEFT(A4,3),{"Jan","Feb","Mar","Apr","May","Jun","Jul","Aug","Sep","Oct","Nov","Dec"},0),1) -> 44317 | F4: =IF(ISNUMBER('Historical 2021-2024'!B5),'Historical 2021-2024'!B5,NA()) -> 0.25 | G4: =IF(ISNUMBER('Historical 2021-2024'!C5),'Historical 2021-2024'!C5,NA()) -> 0.39 | H4: =IF(ISNUMBER('Historical 2021-2024'!E5),'Historical 2021-2024'!E5,IF(AND(ISNUMBER(B4),ISNUMBER(F4),ISNUMBER(G4)),1-B4-F4-G4,NA())) -> 0.1
A5: Mar 2022 | B5: ='Historical 2021-2024'!D6 -> 0.297 | C5: =IF(AND(ISNUMBER('Historical 2021-2024'!B6),ISNUMBER('Historical 2021-2024'!C6)),'Historical 2021-2024'!B6+'Historical 2021-2024'!C6,NA()) -> #N/A | D5: See detail/historical sheets | E5: =DATE(RIGHT(A5,4),MATCH(LEFT(A5,3),{"Jan","Feb","Mar","Apr","May","Jun","Jul","Aug","Sep","Oct","Nov","Dec"},0),1) -> 44621 | F5: =IF(ISNUMBER('Historical 2021-2024'!B6),'Historical 2021-2024'!B6,NA()) -> #N/A | G5: =IF(ISNUMBER('Historical 2021-2024'!C6),'Historical 2021-2024'!C6,NA()) -> #N/A | H5: =IF(ISNUMBER('Historical 2021-2024'!E6),'Historical 2021-2024'!E6,IF(AND(ISNUMBER(B5),ISNUMBER(F5),ISNUMBER(G5)),1-B5-F5-G5,NA())) -> #N/A
A6: Apr 2022 | B6: ='Historical 2021-2024'!D7 -> 0.304 | C6: =IF(AND(ISNUMBER('Historical 2021-2024'!B7),ISNUMBER('Historical 2021-2024'!C7)),'Historical 2021-2024'!B7+'Historical 2021-2024'!C7,NA()) -> #N/A | D6: See detail/historical sheets | E6: =DATE(RIGHT(A6,4),MATCH(LEFT(A6,3),{"Jan","Feb","Mar","Apr","May","Jun","Jul","Aug","Sep","Oct","Nov","Dec"},0),1) -> 44652 | F6: =IF(ISNUMBER('Historical 2021-2024'!B7),'Historical 2021-2024'!B7,NA()) -> #N/A | G6: =IF(ISNUMBER('Historical 2021-2024'!C7),'Historical 2021-2024'!C7,NA()) -> #N/A | H6: =IF(ISNUMBER('Historical 2021-2024'!E7),'Historical 2021-2024'!E7,IF(AND(ISNUMBER(B6),ISNUMBER(F6),ISNUMBER(G6)),1-B6-F6-G6,NA())) -> #N/A
A7: May 2022 | B7: ='Historical 2021-2024'!D8 -> 0.319 | C7: =IF(AND(ISNUMBER('Historical 2021-2024'!B8),ISNUMBER('Historical 2021-2024'!C8)),'Historical 2021-2024'!B8+'Historical 2021-2024'!C8,NA()) -> 0.609 | D7: See detail/historical sheets | E7: =DATE(RIGHT(A7,4),MATCH(LEFT(A7,3),{"Jan","Feb","Mar","Apr","May","Jun","Jul","Aug","Sep","Oct","Nov","Dec"},0),1) -> 44682 | F7: =IF(ISNUMBER('Historical 2021-2024'!B8),'Historical 2021-2024'!B8,NA()) -> 0.244 | G7: =IF(ISNUMBER('Historical 2021-2024'!C8),'Historical 2021-2024'!C8,NA()) -> 0.365 | H7: =IF(ISNUMBER('Historical 2021-2024'!E8),'Historical 2021-2024'!E8,IF(AND(ISNUMBER(B7),ISNUMBER(F7),ISNUMBER(G7)),1-B7-F7-G7,NA())) -> 0.072
A8: Mar 2023 | B8: ='Historical 2021-2024'!D9 -> 0.341 | C8: =IF(AND(ISNUMBER('Historical 2021-2024'!B9),ISNUMBER('Historical 2021-2024'!C9)),'Historical 2021-2024'!B9+'Historical 2021-2024'!C9,NA()) -> #N/A | D8: See detail/historical sheets | E8: =DATE(RIGHT(A8,4),MATCH(LEFT(A8,3),{"Jan","Feb","Mar","Apr","May","Jun","Jul","Aug","Sep","Oct","Nov","Dec"},0),1) -> 44986 | F8: =IF(ISNUMBER('Historical 2021-2024'!B9),'Historical 2021-2024'!B9,NA()) -> #N/A | G8: =IF(ISNUMBER('Historical 2021-2024'!C9),'Historical 2021-2024'!C9,NA()) -> #N/A | H8: =IF(ISNUMBER('Historical 2021-2024'!E9),'Historical 2021-2024'!E9,IF(AND(ISNUMBER(B8),ISNUMBER(F8),ISNUMBER(G8)),1-B8-F8-G8,NA())) -> #N/A
A9: Dec 2023 | B9: ='Historical 2021-2024'!D10 -> 0.359 | C9: =IF(AND(ISNUMBER('Historical 2021-2024'!B10),ISNUMBER('Historical 2021-2024'!C10)),'Historical 2021-2024'!B10+'Historical 2021-2024'!C10,NA()) -> 0.517 | D9: See detail/historical sheets | E9: =DATE(RIGHT(A9,4),MATCH(LEFT(A9,3),{"Jan","Feb","Mar","Apr","May","Jun","Jul","Aug","Sep","Oct","Nov","Dec"},0),1) -> 45261 | F9: =IF(ISNUMBER('Historical 2021-2024'!B10),'Historical 2021-2024'!B10,NA()) -> 0.235 | G9: =IF(ISNUMBER('Historical 2021-2024'!C10),'Historical 2021-2024'!C10,NA()) -> 0.282 | H9: =IF(ISNUMBER('Historical 2021-2024'!E10),'Historical 2021-2024'!E10,IF(AND(ISNUMBER(B9),ISNUMBER(F9),ISNUMBER(G9)),1-B9-F9-G9,NA())) -> 0.124
A10: Mar 2024 | B10: ='Historical 2021-2024'!D11 -> 0.385 | C10: =IF(AND(ISNUMBER('Historical 2021-2024'!B11),ISNUMBER('Historical 2021-2024'!C11)),'Historical 2021-2024'!B11+'Historical 2021-2024'!C11,NA()) -> #N/A | D10: See detail/historical sheets | E10: =DATE(RIGHT(A10,4),MATCH(LEFT(A10,3),{"Jan","Feb","Mar","Apr","May","Jun","Jul","Aug","Sep","Oct","Nov","Dec"},0),1) -> 45352 | F10: =IF(ISNUMBER('Historical 2021-2024'!B11),'Historical 2021-2024'!B11,NA()) -> #N/A | G10: =IF(ISNUMBER('Historical 2021-2024'!C11),'Historical 2021-2024'!C11,NA()) -> 0.283 | H10: =IF(ISNUMBER('Historical 2021-2024'!E11),'Historical 2021-2024'!E11,IF(AND(ISNUMBER(B10),ISNUMBER(F10),ISNUMBER(G10)),1-B10-F10-G10,NA())) -> #N/A
A11: Jun 2024 | B11: ='Historical 2021-2024'!D13 -> 0.403 | C11: =IF(AND(ISNUMBER('Historical 2021-2024'!B13),ISNUMBER('Historical 2021-2024'!C13)),'Historical 2021-2024'!B13+'Historical 2021-2024'!C13,NA()) -> #N/A | D11: See detail/historical sheets | E11: =DATE(RIGHT(A11,4),MATCH(LEFT(A11,3),{"Jan","Feb","Mar","Apr","May","Jun","Jul","Aug","Sep","Oct","Nov","Dec"},0),1) -> 45444 | F11: =IF(ISNUMBER('Historical 2021-2024'!B13),'Historical 2021-2024'!B13,NA()) -> #N/A | G11: =IF(ISNUMBER('Historical 2021-2024'!C13),'Historical 2021-2024'!C13,NA()) -> 0.272 | H11: =IF(ISNUMBER('Historical 2021-2024'!E13),'Historical 2021-2024'!E13,IF(AND(ISNUMBER(B11),ISNUMBER(F11),ISNUMBER(G11)),1-B11-F11-G11,NA())) -> #N/A
A12: Dec 2024 | B12: ='Historical 2021-2024'!D16 -> 0.433 | C12: =IF(AND(ISNUMBER('Historical 2021-2024'!B16),ISNUMBER('Historical 2021-2024'!C16)),'Historical 2021-2024'!B16+'Historical 2021-2024'!C16,NA()) -> 0.462 | D12: See detail/historical sheets | E12: =DATE(RIGHT(A12,4),MATCH(LEFT(A12,3),{"Jan","Feb","Mar","Apr","May","Jun","Jul","Aug","Sep","Oct","Nov","Dec"},0),1) -> 45627 | F12: =IF(ISNUMBER('Historical 2021-2024'!B16),'Historical 2021-2024'!B16,NA()) -> 0.224 | G12: =IF(ISNUMBER('Historical 2021-2024'!C16),'Historical 2021-2024'!C16,NA()) -> 0.238 | H12: =IF(ISNUMBER('Historical 2021-2024'!E16),'Historical 2021-2024'!E16,IF(AND(ISNUMBER(B12),ISNUMBER(F12),ISNUMBER(G12)),1-B12-F12-G12,NA())) -> 0.105
A13: Apr 2025 | B13: ='Monthly Detail 2025-26'!D5 -> 0.443 | C13: =IF(AND(ISNUMBER('Monthly Detail 2025-26'!B5),ISNUMBER('Monthly Detail 2025-26'!C5)),'Monthly Detail 2025-26'!B5+'Monthly Detail 2025-26'!C5,NA()) -> 0.453 | D13: See detail/historical sheets | E13: =DATE(RIGHT(A13,4),MATCH(LEFT(A13,3),{"Jan","Feb","Mar","Apr","May","Jun","Jul","Aug","Sep","Oct","Nov","Dec"},0),1) -> 45748 | F13: =IF(ISNUMBER('Monthly Detail 2025-26'!B5),'Monthly Detail 2025-26'!B5,NA()) -> 0.208 | G13: =IF(ISNUMBER('Monthly Detail 2025-26'!C5),'Monthly Detail 2025-26'!C5,NA()) -> 0.245 | H13: =IF(ISNUMBER('Monthly Detail 2025-26'!E5),'Monthly Detail 2025-26'!E5,IF(AND(ISNUMBER(B13),ISNUMBER(F13),ISNUMBER(G13)),1-B13-F13-G13,NA())) -> 0.103
A14: May 2025 | B14: ='Monthly Detail 2025-26'!D6 -> 0.448 | C14: =IF(AND(ISNUMBER('Monthly Detail 2025-26'!B6),ISNUMBER('Monthly Detail 2025-26'!C6)),'Monthly Detail 2025-26'!B6+'Monthly Detail 2025-26'!C6,NA()) -> 0.442 | D14: See detail/historical sheets | E14: =DATE(RIGHT(A14,4),MATCH(LEFT(A14,3),{"Jan","Feb","Mar","Apr","May","Jun","Jul","Aug","Sep","Oct","Nov","Dec"},0),1) -> 45778 | F14: =IF(ISNUMBER('Monthly Detail 2025-26'!B6),'Monthly Detail 2025-26'!B6,NA()) -> 0.201 | G14: =IF(ISNUMBER('Monthly Detail 2025-26'!C6),'Monthly Detail 2025-26'!C6,NA()) -> 0.241 | H14: =IF(ISNUMBER('Monthly Detail 2025-26'!E6),'Monthly Detail 2025-26'!E6,IF(AND(ISNUMBER(B14),ISNUMBER(F14),ISNUMBER(G14)),1-B14-F14-G14,NA())) -> 0.109
A15: Jun 2025 | B15: ='Monthly Detail 2025-26'!D7 -> 0.46 | C15: =IF(AND(ISNUMBER('Monthly Detail 2025-26'!B7),ISNUMBER('Monthly Detail 2025-26'!C7)),'Monthly Detail 2025-26'!B7+'Monthly Detail 2025-26'!C7,NA()) -> 0.419 | D15: See detail/historical sheets | E15: =DATE(RIGHT(A15,4),MATCH(LEFT(A15,3),{"Jan","Feb","Mar","Apr","May","Jun","Jul","Aug","Sep","Oct","Nov","Dec"},0),1) -> 45809 | F15: =IF(ISNUMBER('Monthly Detail 2025-26'!B7),'Monthly Detail 2025-26'!B7,NA()) -> 0.185 | G15: =IF(ISNUMBER('Monthly Detail 2025-26'!C7),'Monthly Detail 2025-26'!C7,NA()) -> 0.234 | H15: =IF(ISNUMBER('Monthly Detail 2025-26'!E7),'Monthly Detail 2025-26'!E7,IF(AND(ISNUMBER(B15),ISNUMBER(F15),ISNUMBER(G15)),1-B15-F15-G15,NA())) -> 0.121
A16: Jul 2025 | B16: ='Monthly Detail 2025-26'!D8 -> 0.473 | C16: =IF(AND(ISNUMBER('Monthly Detail 2025-26'!B8),ISNUMBER('Monthly Detail 2025-26'!C8)),'Monthly Detail 2025-26'!B8+'Monthly Detail 2025-26'!C8,NA()) -> 0.406 | D16: See detail/historical sheets | E16: =DATE(RIGHT(A16,4),MATCH(LEFT(A16,3),{"Jan","Feb","Mar","Apr","May","Jun","Jul","Aug","Sep","Oct","Nov","Dec"},0),1) -> 45839 | F16: =IF(ISNUMBER('Monthly Detail 2025-26'!B8),'Monthly Detail 2025-26'!B8,NA()) -> 0.184 | G16: =IF(ISNUMBER('Monthly Detail 2025-26'!C8),'Monthly Detail 2025-26'!C8,NA()) -> 0.222 | H16: =IF(ISNUMBER('Monthly Detail 2025-26'!E8),'Monthly Detail 2025-26'!E8,IF(AND(ISNUMBER(B16),ISNUMBER(F16),ISNUMBER(G16)),1-B16-F16-G16,NA())) -> 0.121
A17: Aug 2025 | B17: ='Monthly Detail 2025-26'!D9 -> 0.464 | C17: =IF(AND(ISNUMBER('Monthly Detail 2025-26'!B9),ISNUMBER('Monthly Detail 2025-26'!C9)),'Monthly Detail 2025-26'!B9+'Monthly Detail 2025-26'!C9,NA()) -> 0.416 | D17: See detail/historical sheets | E17: =DATE(RIGHT(A17,4),MATCH(LEFT(A17,3),{"Jan","Feb","Mar","Apr","May","Jun","Jul","Aug","Sep","Oct","Nov","Dec"},0),1) -> 45870 | F17: =IF(ISNUMBER('Monthly Detail 2025-26'!B9),'Monthly Detail 2025-26'!B9,NA()) -> 0.191 | G17: =IF(ISNUMBER('Monthly Detail 2025-26'!C9),'Monthly Detail 2025-26'!C9,NA()) -> 0.225 | H17: =IF(ISNUMBER('Monthly Detail 2025-26'!E9),'Monthly Detail 2025-26'!E9,IF(AND(ISNUMBER(B17),ISNUMBER(F17),ISNUMBER(G17)),1-B17-F17-G17,NA())) -> 0.12
A18: Sep 2025 | B18: ='Monthly Detail 2025-26'!D10 -> 0.452 | C18: =IF(AND(ISNUMBER('Monthly Detail 2025-26'!B10),ISNUMBER('Monthly Detail 2025-26'!C10)),'Monthly Detail 2025-26'!B10+'Monthly Detail 2025-26'!C10,NA()) -> 0.446 | D18: See detail/historical sheets | E18: =DATE(RIGHT(A18,4),MATCH(LEFT(A18,3),{"Jan","Feb","Mar","Apr","May","Jun","Jul","Aug","Sep","Oct","Nov","Dec"},0),1) -> 45901 | F18: =IF(ISNUMBER('Monthly Detail 2025-26'!B10),'Monthly Detail 2025-26'!B10,NA()) -> 0.223 | G18: =IF(ISNUMBER('Monthly Detail 2025-26'!C10),'Monthly Detail 2025-26'!C10,NA()) -> 0.223 | H18: =IF(ISNUMBER('Monthly Detail 2025-26'!E10),'Monthly Detail 2025-26'!E10,IF(AND(ISNUMBER(B18),ISNUMBER(F18),ISNUMBER(G18)),1-B18-F18-G18,NA())) -> 0.102
A19: Oct 2025 | B19: ='Monthly Detail 2025-26'!D11 -> 0.457 | C19: =IF(AND(ISNUMBER('Monthly Detail 2025-26'!B11),ISNUMBER('Monthly Detail 2025-26'!C11)),'Monthly Detail 2025-26'!B11+'Monthly Detail 2025-26'!C11,NA()) -> 0.451 | D19: See detail/historical sheets | E19: =DATE(RIGHT(A19,4),MATCH(LEFT(A19,3),{"Jan","Feb","Mar","Apr","May","Jun","Jul","Aug","Sep","Oct","Nov","Dec"},0),1) -> 45931 | F19: =IF(ISNUMBER('Monthly Detail 2025-26'!B11),'Monthly Detail 2025-26'!B11,NA()) -> 0.229 | G19: =IF(ISNUMBER('Monthly Detail 2025-26'!C11),'Monthly Detail 2025-26'!C11,NA()) -> 0.222 | H19: =IF(ISNUMBER('Monthly Detail 2025-26'!E11),'Monthly Detail 2025-26'!E11,IF(AND(ISNUMBER(B19),ISNUMBER(F19),ISNUMBER(G19)),1-B19-F19-G19,NA())) -> 0.091
A20: Nov 2025 | B20: ='Monthly Detail 2025-26'!D12 -> 0.467 | C20: =IF(AND(ISNUMBER('Monthly Detail 2025-26'!B12),ISNUMBER('Monthly Detail 2025-26'!C12)),'Monthly Detail 2025-26'!B12+'Monthly Detail 2025-26'!C12,NA()) -> 0.437 | D20: See detail/historical sheets | E20: =DATE(RIGHT(A20,4),MATCH(LEFT(A20,3),{"Jan","Feb","Mar","Apr","May","Jun","Jul","Aug","Sep","Oct","Nov","Dec"},0),1) -> 45962 | F20: =IF(ISNUMBER('Monthly Detail 2025-26'!B12),'Monthly Detail 2025-26'!B12,NA()) -> 0.232 | G20: =IF(ISNUMBER('Monthly Detail 2025-26'!C12),'Monthly Detail 2025-26'!C12,NA()) -> 0.205 | H20: =IF(ISNUMBER('Monthly Detail 2025-26'!E12),'Monthly Detail 2025-26'!E12,IF(AND(ISNUMBER(B20),ISNUMBER(F20),ISNUMBER(G20)),1-B20-F20-G20,NA())) -> 0.096
A21: Dec 2025 | B21: ='Monthly Detail 2025-26'!D13 -> 0.475 | C21: =IF(AND(ISNUMBER('Monthly Detail 2025-26'!B13),ISNUMBER('Monthly Detail 2025-26'!C13)),'Monthly Detail 2025-26'!B13+'Monthly Detail 2025-26'!C13,NA()) -> 0.416 | D21: See detail/historical sheets | E21: =DATE(RIGHT(A21,4),MATCH(LEFT(A21,3),{"Jan","Feb","Mar","Apr","May","Jun","Jul","Aug","Sep","Oct","Nov","Dec"},0),1) -> 45992 | F21: =IF(ISNUMBER('Monthly Detail 2025-26'!B13),'Monthly Detail 2025-26'!B13,NA()) -> 0.214 | G21: =IF(ISNUMBER('Monthly Detail 2025-26'!C13),'Monthly Detail 2025-26'!C13,NA()) -> 0.202 | H21: =IF(ISNUMBER('Monthly Detail 2025-26'!E13),'Monthly Detail 2025-26'!E13,IF(AND(ISNUMBER(B21),ISNUMBER(F21),ISNUMBER(G21)),1-B21-F21-G21,NA())) -> 0.109
A22: Jan 2026 | B22: ='Monthly Detail 2025-26'!D14 -> 0.47 | C22: =IF(AND(ISNUMBER('Monthly Detail 2025-26'!B14),ISNUMBER('Monthly Detail 2025-26'!C14)),'Monthly Detail 2025-26'!B14+'Monthly Detail 2025-26'!C14,NA()) -> 0.427 | D22: See detail/historical sheets | E22: =DATE(RIGHT(A22,4),MATCH(LEFT(A22,3),{"Jan","Feb","Mar","Apr","May","Jun","Jul","Aug","Sep","Oct","Nov","Dec"},0),1) -> 46023 | F22: =IF(ISNUMBER('Monthly Detail 2025-26'!B14),'Monthly Detail 2025-26'!B14,NA()) -> 0.215 | G22: =IF(ISNUMBER('Monthly Detail 2025-26'!C14),'Monthly Detail 2025-26'!C14,NA()) -> 0.212 | H22: =IF(ISNUMBER('Monthly Detail 2025-26'!E14),'Monthly Detail 2025-26'!E14,IF(AND(ISNUMBER(B22),ISNUMBER(F22),ISNUMBER(G22)),1-B22-F22-G22,NA())) -> 0.103
A23: Feb 2026 | B23: ='Monthly Detail 2025-26'!D15 -> 0.48 | C23: =IF(AND(ISNUMBER('Monthly Detail 2025-26'!B15),ISNUMBER('Monthly Detail 2025-26'!C15)),'Monthly Detail 2025-26'!B15+'Monthly Detail 2025-26'!C15,NA()) -> 0.417 | D23: See detail/historical sheets | E23: =DATE(RIGHT(A23,4),MATCH(LEFT(A23,3),{"Jan","Feb","Mar","Apr","May","Jun","Jul","Aug","Sep","Oct","Nov","Dec"},0),1) -> 46054 | F23: =IF(ISNUMBER('Monthly Detail 2025-26'!B15),'Monthly Detail 2025-26'!B15,NA()) -> 0.217 | G23: =IF(ISNUMBER('Monthly Detail 2025-26'!C15),'Monthly Detail 2025-26'!C15,NA()) -> 0.2 | H23: =IF(ISNUMBER('Monthly Detail 2025-26'!E15),'Monthly Detail 2025-26'!E15,IF(AND(ISNUMBER(B23),ISNUMBER(F23),ISNUMBER(G23)),1-B23-F23-G23,NA())) -> 0.103
A24: Mar 2026 | B24: ='Monthly Detail 2025-26'!D16 -> 0.476 | C24: =IF(AND(ISNUMBER('Monthly Detail 2025-26'!B16),ISNUMBER('Monthly Detail 2025-26'!C16)),'Monthly Detail 2025-26'!B16+'Monthly Detail 2025-26'!C16,NA()) -> 0.417 | D24: See detail/historical sheets | E24: =DATE(RIGHT(A24,4),MATCH(LEFT(A24,3),{"Jan","Feb","Mar","Apr","May","Jun","Jul","Aug","Sep","Oct","Nov","Dec"},0),1) -> 46082 | F24: =IF(ISNUMBER('Monthly Detail 2025-26'!B16),'Monthly Detail 2025-26'!B16,NA()) -> 0.203 | G24: =IF(ISNUMBER('Monthly Detail 2025-26'!C16),'Monthly Detail 2025-26'!C16,NA()) -> 0.214 | H24: =IF(ISNUMBER('Monthly Detail 2025-26'!E16),'Monthly Detail 2025-26'!E16,IF(AND(ISNUMBER(B24),ISNUMBER(F24),ISNUMBER(G24)),1-B24-F24-G24,NA())) -> 0.107
A25: Apr 2026 | B25: ='Monthly Detail 2025-26'!D17 -> 0.476 | C25: =IF(AND(ISNUMBER('Monthly Detail 2025-26'!B17),ISNUMBER('Monthly Detail 2025-26'!C17)),'Monthly Detail 2025-26'!B17+'Monthly Detail 2025-26'!C17,NA()) -> 0.415 | D25: See detail/historical sheets | E25: =DATE(RIGHT(A25,4),MATCH(LEFT(A25,3),{"Jan","Feb","Mar","Apr","May","Jun","Jul","Aug","Sep","Oct","Nov","Dec"},0),1) -> 46113 | F25: =IF(ISNUMBER('Monthly Detail 2025-26'!B17),'Monthly Detail 2025-26'!B17,NA()) -> 0.199 | G25: =IF(ISNUMBER('Monthly Detail 2025-26'!C17),'Monthly Detail 2025-26'!C17,NA()) -> 0.216 | H25: =IF(ISNUMBER('Monthly Detail 2025-26'!E17),'Monthly Detail 2025-26'!E17,IF(AND(ISNUMBER(B25),ISNUMBER(F25),ISNUMBER(G25)),1-B25-F25-G25,NA())) -> 0.11
