Workbook
Name \p: #N/A
Name \s: #N/A
Name __FYE2: #REF!
Name _bdm.FastTrackBookmark.7_17_2019_4_42_29_PM.edm: #REF!
Name _ccVersion: 1.75
Name _FYE2: #REF!
Name _Order1: 255
Name _Order2: 255
Name _Regression_Int: 1
Name ActualRevenueUSDMTD: 2
Name ActualRevenueUSDQTD: 5
Name ActualRevenueUSDYTD: 8
Name anscount: 1
Name ASSET: #REF!
Name BACK_A: #REF!
Name BudgetRevenueUSDMTD: 3
Name BudgetRevenueUSDQTD: 6
Name BudgetRevenueUSDYTD: 9
Name BusSysEA: MATCH("Business Systems Enterprise Agreements", Categories,0)
Name BusSysEA2: MATCH("Business Systems Enterprise Agreements", Categories,0)
Name BusSysEALookup: OFFSET(#REF!,BusSysEA,1,BusSysEATotal-BusSysEA,1)
Name BusSysEATotal: MATCH("Business Systems Enterprise Agreements *", Categories,0)
Name Categories: #REF!
Name cc_ReportCurrency: "HKD"
Name cc_ReportCurrencyUnit: "HK$"
Name cc_ReportCurrencyUnitFactor: 1
Name CDate: TODAY()
Name clean_spreads: #REF!
Name Columns: #REF!,#REF!,#REF!,#REF!,#REF!,#REF!,#REF!,#REF!,#REF!,#REF!,#REF!,#REF!,#REF!,#REF!,#REF!,#REF!,#REF!,#REF!,#REF!,#REF!,#REF!,#REF!,#REF!,#REF!,#REF!,#REF!,#REF!,#REF!
Name CommercialExAIGMetrics: #REF!
Name CostPerCriticalWatt: #REF!
Name DB: "WIREHKPROD"
Name DiscountPercentage: #REF!
Name Divisions: OFFSET(#REF!,0,-1)
Name email: "iain.reed@clsa.com"
Name Ex8216DownPorts: #REF!
Name FTPFile: "CommandButton1"
Name FXVarianceMTD: 4
Name FXVarianceQTD: 7
Name FXVarianceYTD: 10
Name geogsp: "Chart 2"
Name Greetings: MATCH("Grtgs WS, PictureIt, Other DAD", Categories,0)
Name GreetingsLookup: OFFSET(#REF!,Greetings,1,GreetingsTotal-Greetings,1)
Name GreetingsTotal: MATCH("Grtgs WS, PictureIt, Other DAD *", Categories,0)
Name ictsymbol: "$"
Name icusymbol: "$"
Name Img_ML_2x8r4a2e: "IMG_10"
Name Img_ML_5k1g6v5e: "IMG_11"
Name Img_ML_6f9i2b5e: "IMG_18"
Name Img_ML_7m5m4k3b: "IMG_6"
Name Img_ML_7n6h3t1t: "IMG_10"
Name Img_ML_8b9j5t1p: "IMG_10"
Name Img_ML_8i9u7w8k: "IMG_10"
Name Img_ML_8r1k8t4y: "IMG_10"
Name ImpOM: #REF!
Name InfrastructureCostPerWattPerYear: #REF!
Name is: #REF!
Name iue: 0.01
Name iuesymbol: "c"
Name iun: 1000000

Sheet Population and Broadband subs
A2: TMT Geography Knowledge Base (Group by Metric)
A4: Available Markets: All Available Markets
A5: Selected Periods: 2030Y , 2029Y , 2028Y , 2027Y , 2026Y , 2025Y , 2024Y
A6: Available Metrics Household Universe, Subscriptions
A7: Rank by: Market
B9: 2024 | C9: 2025 | D9: 2026 | E9: 2027 | F9: 2028 | G9: 2029 | H9: 2030 | I9: CAGR (%) 2024-2030
A11: Population (actual)
A12: Argentina | B12: 45700000 | C12: 45850000 | D12: 46000000 | E12: 46150000 | F12: 46300000 | G12: 46440000 | H12: 46590000 | I12: 0.3219777
A13: Asia Pacific Summary | B13: 4331188359 | C13: 4351121073 | D13: 4374033563 | E13: 4396455467 | F13: 4418171484 | G13: 4439371409 | H13: 4459860038 | I13: 0.48911615
A14: Australia | B14: 26710000 | C14: 26970000 | D14: 27230000 | E14: 27470000 | F14: 27720000 | G14: 27960000 | H14: 28190000 | I14: 0.90287283
A15: Austria | B15: 8750000 | C15: 8770000 | D15: 8790000 | E15: 8800000 | F15: 8820000 | G15: 8830000 | H15: 8840000 | I15: 0.17069846
A16: Bahamas | B16: 422476 | C16: 426190 | D16: 429905 | E16: 433619 | F16: 437333 | G16: 441048 | H16: 444762 | I16: 0.86045863
A17: Bahrain | B17: 1640000 | C17: 1680000 | D17: 1720000 | E17: 1750000 | F17: 1780000 | G17: 1800000 | H17: 1830000 | I17: 1.8437871
A18: Barbados | B18: 290871 | C18: 291162 | D18: 291453 | E18: 291744 | F18: 292036 | G18: 292328 | H18: 292618 | I18: 0.099852056
A19: Belgium | B19: 11720000 | C19: 11740000 | D19: 11770000 | E19: 11800000 | F19: 11820000 | G19: 11850000 | H19: 11870000 | I19: 0.21218186
A20: Bolivia | B20: 12310000 | C20: 12470000 | D20: 12630000 | E20: 12780000 | F20: 12940000 | G20: 13090000 | H20: 13240000 | I20: 1.2212405
A21: Brazil | B21: 212000000 | C21: 212810000 | D21: 213560000 | E21: 214260000 | F21: 214910000 | G21: 215520000 | H21: 216070000 | I21: 0.31743868
A22: Bulgaria | B22: 6740000 | C22: 6690000 | D22: 6630000 | E22: 6580000 | F22: 6530000 | G22: 6470000 | H22: 6420000 | I22: -0.8074195
A23: Cambodia | B23: 17072678 | C23: 17250289 | D23: 17427953 | E23: 17605652 | F23: 17783368 | G23: 17961083 | H23: 18138778 | I23: 1.0146576
... A54: Jordan | B54: 11770000 | C54: 12010000 | D54: 12250000 | E54: 12340000 | F54: 12450000 | G54: 12560000 | H54: 12690000 | I54: 1.2622392
A55: Kenya | B55: NA | C55: NA | D55: NA | E55: NA | F55: NA | G55: NA | H55: NA | I55: NA
A56: Kuwait | B56: 4640000 | C56: 4710000 | D56: 4780000 | E56: 4830000 | F56: 4880000 | G56: 4920000 | H56: 4970000 | I56: 1.1516725
A57: Laos | B57: 7705419 | C57: 7810163 | D57: 7914207 | E57: 8017529 | F57: 8120106 | G57: 8221918 | H57: 8322945 | I57: 1.2931618
A58: Latin America and Caribbean Summary | B58: 645422731 | C58: 649767470 | D58: 653966791 | E58: 658078404 | F58: 662065477 | G58: 665912631 | H58: 669621535 | I58: 0.61533849
A59: Latvia | B59: 1870000 | C59: 1850000 | D59: 1840000 | E59: 1820000 | F59: 1810000 | G59: 1790000 | H59: 1780000 | I59: -0.81871457
A60: Lebanon | B60: 6750000 | C60: 6820000 | D60: 6890000 | E60: 6958900 | F60: 7028489 | G60: 7098774 | H60: 7169762 | I60: 1.0105714
A61: Lithuania | B61: 2690000 | C61: 2670000 | D61: 2650000 | E61: 2620000 | F61: 2600000 | G61: 2580000 | H61: 2560000 | I61: -0.82216715
A62: Malaysia | B62: 34670000 | C62: 35980000 | D62: 36120000 | E62: 36380000 | F62: 36630000 | G62: 36970000 | H62: 37200000 | I62: 1.1808173
A63: Mexico | B63: 130860000 | C63: 131950000 | D63: 133000000 | E63: 134020000 | F63: 135010000 | G63: 135970000 | H63: 136900000 | I63: 0.75487967
A64: Middle East and Africa Summary | B64: 1861372963 | C64: 1899479830 | D64: 1937876118 | E64: 1976155266 | F64: 1996083336 | G64: 2016370240 | H64: 2036956147 | I64: 1.513713
A65: Morocco | B65: NA | C65: NA | D65: NA | E65: NA | F65: NA | G65: NA | H65: NA | I65: NA
A66: Myanmar | B66: 54924186 | C66: 55289208 | D66: 55649307 | E66: 56004502 | F66: 56354815 | G66: 56700269 | H66: 57040890 | I66: 0.63223323
A67: Netherlands | B67: 17670000 | C67: 17720000 | D67: 17770000 | E67: 17820000 | F67: 17860000 | G67: 17910000 | H67: 17940000 | I67: 0.2530625
A68: New Zealand | B68: 5210000 | C68: 5250000 | D68: 5290000 | E68: 5320000 | F68: 5350000 | G68: 5380000 | H68: 5410000 | I68: 0.62979554
A69: Nicaragua | B69: 6930000 | C69: 6999300 | D69: 7069293 | E69: 7139986 | F69: 7211386 | G69: 7283500 | H69: 7356335 | I69: 1.0000008
A70: Nigeria | B70: NA | C70: NA | D70: NA | E70: NA | F70: NA | G70: NA | H70: NA | I70: NA
A71: North America Summary | B71: 380380000 | C71: 382680000 | D71: 383970000 | E71: 385180000 | F71: 386390000 | G71: 387780000 | H71: 389370000 | I71: 0.39008043
A72: Norway | B72: 5510000 | C72: 5550000 | D72: 5590000 | E72: 5630000 | F72: 5670000 | G72: 5710000 | H72: 5750000 | I72: 0.71311786
A73: Oman | B73: 4730000 | C73: 4810000 | D73: 4880000 | E73: 4950760 | F73: 5022546 | G73: 5095373 | H73: 5169256 | I73: 1.4910666
A74: Other Markets - Asia Pacific Summary | B74: 274376075 | C74: 276831413 | D74: 279333495 | E74: 281883440 | F74: 284430930 | G74: 286975737 | H74: 289517637 | I74: 0.89929484
A75: Other Markets - Eastern Europe Summary | B75: 159997771 | C75: 160985317 | D75: 161990361 | E75: 163013147 | F75: 164053923 | G75: 165112942 | H75: 166190459 | I75: 0.63491694
A76: Other Markets - Latin America and Caribbean Summary | B76: 26928950 | C76: 27108580 | D76: 27287600 | E76: 27466000 | F76: 27643517 | G76: 27822162 | H76: 28000806 | I76: 0.65264349
A77: Other Markets - Middle East and Africa Summary | B77: 1415700379 | C77: 1446541115 | D77: 1477727865 | E77: 1509457549 | F77: 1522747257 | G77: 1536344258 | H77: 1550256003 | I77: 1.5247695
A78: Other Markets - Western Europe Summary | B78: 2840000 | C78: 2880000 | D78: 2900000 | E78: 2930000 | F78: 2960000 | G78: 2970000 | H78: 2990000 | I78: 0.86151209
A79: Pakistan | B79: 251270000 | C79: 249950000 | D79: 254710000 | E79: 259520000 | F79: 264340000 | G79: 269180000 | H79: 274030000 | I79: 1.4556518
A80: Palestine | B80: 5552584 | C80: 5695285 | D80: 5841654 | E80: 5991784 | F80: 6145773 | G80: 6303720 | H80: 6465725 | I80: 2.5699984
A81: Panama | B81: 4570000 | C81: 4647690 | D81: 4726701 | E81: 4807055 | F81: 4888775 | G81: 4971884 | H81: 5056406 | I81: 1.7000008
A82: Paraguay | B82: 7490000 | C82: 7580000 | D82: 7670000 | E82: 7760000 | F82: 7850000 | G82: 7940000 | H82: 8030000 | I82: 1.1670193
... A113: Yemen | B113: 32860000 | C113: 33650000 | D113: 34800000 | E113: 35635200 | F113: 36490445 | G113: 37366215 | H113: 38263005 | I113: 2.5695821
A115: Occupied Households (actual)
A116: Argentina | B116: 16084433 | C116: 16136606 | D116: 16172812 | E116: 16192926 | F116: 16196872 | G116: 16184623 | H116: 16156198 | I116: 0.074224921
A117: Asia Pacific Summary | B117: 1219853322 | C117: 1237040973 | D117: 1256896984 | E117: 1276766821 | F117: 1296495777 | G117: 1315646999 | H117: 1334882671 | I117: 1.5132145
A118: Australia | B118: 8494954 | C118: 8527235 | D118: 8548553 | E118: 8576763 | F118: 8599063 | G118: 8620561 | H118: 8647284 | I118: 0.29665487
A119: Austria | B119: 4093112 | C119: 4121764 | D119: 4150616 | E119: 4179670 | F119: 4208928 | G119: 4238390 | H119: 4268059 | I119: 0.69999855
A120: Bahamas | B120: 126373 | C120: 128199 | D120: 130051 | E120: 131911 | F120: 133797 | G120: 135720 | H120: 137670 | I120: 1.4372584
A121: Bahrain | B121: 180116 | C121: 180728 | D121: 181270 | E121: 181814 | F121: 182360 | G121: 182907 | H121: 183455 | I121: 0.30660772
A122: Barbados | B122: 110795 | C122: 111451 | D122: 111979 | E122: 112403 | F122: 112744 | G122: 112744 | H122: 113900 | I122: 0.46171637
A123: Belgium | B123: 5100207 | C123: 5129880 | D123: 5160107 | E123: 5190512 | F123: 5221097 | G123: 5251862 | H123: 5282808 | I123: 0.58799943
A124: Bolivia | B124: 4113160 | C124: 4195423 | D124: 4279331 | E124: 4364918 | F124: 4452216 | G124: 4541260 | H124: 4632085 | I124: 1.9999955
A125: Brazil | B125: 74535019 | C125: 75461570 | D125: 76382694 | E125: 77301856 | F125: 78219005 | G125: 79137758 | H125: 80050751 | I125: 1.1969696
A126: Bulgaria | B126: 2854100 | C126: 2861235 | D126: 2868388 | E126: 2875559 | F126: 2882748 | G126: 2889955 | H126: 2897180 | I126: 0.2500002
A127: Cambodia | B127: 4024248 | C127: 4065694 | D127: 4107149 | E127: 4148608 | F127: 4190066 | G127: 4231520 | H127: 4272965 | I127: 1.0045101
... A158: Jordan | B158: 1438975 | C158: 1456243 | D158: 1473717 | E158: 1491402 | F158: 1509299 | G158: 1527410 | H158: 1545739 | I158: 1.1999938
A159: Kenya | B159: NA | C159: NA | D159: NA | E159: NA | F159: NA | G159: NA | H159: NA | I159: NA
A160: Kuwait | B160: 1074674 | C160: 1110126 | D160: 1144917 | E160: 1179003 | F160: 1212350 | G160: 1244925 | H160: 1276703 | I160: 2.9126724
A161: Laos | B161: 1432181 | C161: 1451649 | D161: 1470988 | E161: 1490192 | F161: 1509257 | G161: 1528181 | H161: 1546958 | I161: 1.2931559
A162: Latin America and Caribbean Summary | B162: 211056326 | C162: 214136874 | D162: 217279257 | E162: 220393069 | F162: 223510693 | G162: 226642629 | H162: 229737737 | I162: 1.4235936
A163: Latvia | B163: 843900 | C163: 843056 | D163: 842213 | E163: 841371 | F163: 840529 | G163: 839689 | H163: 838849 | I163: -0.1000048
A164: Lebanon | B164: 1434298 | C164: 1460545 | D164: 1487273 | E164: 1514490 | F164: 1542206 | G164: 1570428 | H164: 1599167 | I164: 1.8299986
A165: Lithuania | B165: 1665900 | C165: 1705882 | D165: 1742729 | E165: 1776607 | F165: 1807691 | G165: 1836155 | H165: 1862177 | I165: 1.8736825
A166: Malaysia | B166: 9015992 | C166: 9225163 | D166: 9434574 | E166: 9645909 | F166: 9860048 | G166: 10078941 | H166: 10301686 | I166: 2.2466604
A167: Mexico | B167: 38459695 | C167: 39267349 | D167: 40091963 | E167: 40933894 | F167: 41793506 | G167: 42671170 | H167: 43567265 | I167: 2.1000004
A168: Middle East and Africa Summary | B168: 419640833 | C168: 431986328 | D168: 444635926 | E168: 457645337 | F168: 471209773 | G168: 484855275 | H168: 498588605 | I168: 2.9147053
A169: Morocco | B169: NA | C169: NA | D169: NA | E169: NA | F169: NA | G169: NA | H169: NA | I169: NA
A170: Myanmar | B170: 11687221 | C170: 11764117 | D170: 11839971 | E170: 11914786 | F170: 11988569 | G170: 12061324 | H170: 12133056 | I170: 0.62591078
A171: Netherlands | B171: 8334655 | C171: 8416335 | D171: 8498815 | E171: 8582104 | F171: 8666208 | G171: 8731205 | H171: 8796689 | I171: 0.90327643
A172: New Zealand | B172: 1760934 | C172: 1777663 | D172: 1792240 | E172: 1808370 | F172: 1825188 | G172: 1842710 | H172: 1859478 | I172: 0.9116547
A173: Nicaragua | B173: 1708773 | C173: 1742300 | D173: 1775827 | E173: 1809354 | F173: 1842881 | G173: 1876408 | H173: 1909935 | I173: 1.872204
A174: Nigeria | B174: NA | C174: NA | D174: NA | E174: NA | F174: NA | G174: NA | H174: NA | I174: NA
A175: North America Summary | B175: 151740746 | C175: 153113319 | D175: 154233424 | E175: 155341497 | F175: 156437198 | G175: 157520190 | H175: 158590140 | I175: 0.73854207
A176: Norway | B176: 2600612 | C176: 2619504 | D176: 2638396 | E176: 2657288 | F176: 2676180 | G176: 2695072 | H176: 2713965 | I176: 0.71359845
A177: Oman | B177: 743299 | C177: 750018 | D177: 756662 | E177: 763231 | F177: 769724 | G177: 776142 | H177: 782483 | I177: 0.85990631
A178: Other Markets - Asia Pacific Summary | B178: 60203142 | C178: 61288565 | D178: 62399091 | E178: 63535431 | F178: 64686611 | G178: 65852752 | H178: 67033970 | I178: 1.8073885
A179: Other Markets - Eastern Europe Summary | B179: 49473078 | C179: 50033383 | D179: 50605036 | E179: 51188294 | F179: 51783424 | G179: 52390695 | H179: 53010386 | I179: 1.1576362
A180: Other Markets - Latin America and Caribbean Summary | B180: 8358533 | C180: 8446978 | D180: 8554552 | E180: 8663248 | F180: 8773006 | G180: 8886475 | H180: 9001413 | I180: 1.2426345
A181: Other Markets - Middle East and Africa Summary | B181: 315038289 | C181: 325115243 | D181: 335444627 | E181: 346073099 | F181: 357185874 | G181: 368326440 | H181: 379495508 | I181: 3.1511047
A182: Other Markets - Western Europe Summary | B182: 1037413 | C182: 1047515 | D182: 1056973 | E182: 1066523 | F182: 1075292 | G182: 1082983 | H182: 1090733 | I182: 0.83882917
A183: Pakistan | B183: 40203200 | C183: 40184887 | D183: 41082258 | E183: 41589744 | F183: 42566828 | G183: 43556634 | H183: 44198387 | I183: 1.5915609
A184: Palestine | B184: 1154137 | C184: 1188761 | D184: 1224424 | E184: 1261157 | F184: 1309081 | G184: 1358826 | H184: 1410461 | I184: 3.3992256
A185: Panama | B185: 1325861 | C185: 1352378 | D185: 1379426 | E185: 1407015 | F185: 1435155 | G185: 1463858 | H185: 1493135 | I185: 2.0000019
A186: Paraguay | B186: 2026543 | C186: 2061801 | D186: 2097059 | E186: 2132316 | F186: 2167574 | G186: 2202831 | H186: 2238089 | I186: 1.6686183
... A217: Yemen | B217: 5479241 | C217: 5650940 | D217: 5828019 | E217: 6010648 | F217: 6198999 | G217: 6393253 | H217: 6593593 | I217: 3.1336264
A219: TV Households (actual)
A220: Argentina | B220: 15722533 | C220: 15781601 | D220: 15825097 | E220: 15852875 | F220: 15864836 | G220: 15860931 | H220: 15841152 | I220: 0.12534857
A221: Asia Pacific Summary | B221: 1072806335 | C221: 1094209968 | D221: 1118839248 | E221: 1143163080 | F221: 1167900843 | G221: 1193142062 | H221: 1218054131 | I221: 2.1388295
A222: Australia | B222: 8476228 | C222: 8508863 | D222: 8530562 | E222: 8559140 | F222: 8581823 | G222: 8603708 | H222: 8630811 | I222: 0.3016697
A223: Austria | B223: 3990090 | C223: 4022010 | D223: 4054186 | E223: 4086620 | F223: 4119313 | G223: 4152267 | H223: 4185485 | I223: 0.79999634
A224: Bahamas | B224: 124682 | C224: 126610 | D224: 128568 | E224: 130556 | F224: 132556 | G224: 134588 | H224: 136522 | I224: 1.5234763
A225: Bahrain | B225: 178602 | C225: 179299 | D225: 179926 | E225: 180556 | F225: 181189 | G225: 181823 | H225: 182460 | I225: 0.35682017
A226: Barbados | B226: 106083 | C226: 107144 | D226: 107155 | E226: 108227 | F226: 108238 | G226: 108249 | H226: 109788 | I226: 0.57379706
...

Sheet Pop and BB subs by market
A2: TMT Geography Knowledge Base (Group by Market)
A3: Available Markets: All Available Markets
A4: Selected Periods: 2030Y , 2029Y , 2028Y , 2027Y , 2026Y , 2025Y , 2024Y
A5: Available Metrics Household Universe, Subscriptions
A6: Rank by: Market
B8: 2024 | C8: 2025 | D8: 2026 | E8: 2027 | F8: 2028 | G8: 2029 | H8: 2030 | I8: CAGR (%) 2024-2030
A10: Argentina
A11: Population (actual) | B11: 45700000 | C11: 45850000 | D11: 46000000 | E11: 46150000 | F11: 46300000 | G11: 46440000 | H11: 46590000 | I11: 0.3219777
A12: Occupied Households (actual) | B12: 16084433 | C12: 16136606 | D12: 16172812 | E12: 16192926 | F12: 16196872 | G12: 16184623 | H12: 16156198 | I12: 0.074224921
A13: TV Households (actual) | B13: 15722533 | C13: 15781601 | D13: 15825097 | E13: 15852875 | F13: 15864836 | G13: 15860931 | H13: 15841152 | I13: 0.12534857
A14: Residential Broadband Subscriptions (actual) | B14: 11913680 | C14: 12343343 | D14: 12739593 | E14: 12914784 | F14: 13119749 | G14: 13394220 | H14: 13746410 | I14: 2.4135044
A15: Residential Cable Broadband Subscriptions (actual) | B15: 5625728 | C15: 5545669 | D15: 5541236 | E15: 5524318 | F15: 5492683 | G15: 5438426 | H15: 5365770 | I15: -0.78540732
A16: Residential DSL Broadband Subscriptions (actual) | B16: 521297 | C16: 138098 | D16: 38702 | E16: 3414 | F16: 0 | G16: 0 | H16: 0 | I16: -100
A17: Residential Fiber Broadband Subscriptions (actual) | B17: 4875163 | C17: 5582880 | D17: 6087234 | E17: 6319871 | F17: 6566075 | G17: 6901806 | H17: 7334567 | I17: 7.0444668
A18: Residential Satellite Broadband Subscriptions (actual) | B18: 92757 | C18: 231893 | D18: 235023 | E18: 237961 | F18: 240697 | G18: 243345 | H18: 245779 | I18: 17.63404
A19: Residential Fixed Wireless Broadband Subscriptions (actual) | B19: 599299 | C19: 646763 | D19: 640943 | E19: 634533 | F19: 627553 | G19: 620023 | H19: 611962 | I19: 0.34910044
A20: Residential Other Broadband Subscriptions (actual) | B20: 199436 | C20: 198040 | D20: 196456 | E20: 194688 | F20: 192741 | G20: 190621 | H20: 188333 | I20: -0.95015242
A22: Asia Pacific Summary
A23: Population (actual) | B23: 4331188359 | C23: 4351121073 | D23: 4374033563 | E23: 4396455467 | F23: 4418171484 | G23: 4439371409 | H23: 4459860038 | I23: 0.48911615
A24: Occupied Households (actual) | B24: 1219853322 | C24: 1237040973 | D24: 1256896984 | E24: 1276766821 | F24: 1296495777 | G24: 1315646999 | H24: 1334882671 | I24: 1.5132145
A25: TV Households (actual) | B25: 1072806335 | C25: 1094209968 | D25: 1118839248 | E25: 1143163080 | F25: 1167900843 | G25: 1193142062 | H25: 1218054131 | I25: 2.1388295
A26: Residential Broadband Subscriptions (actual) | B26: 690877373 | C26: 720167261 | D26: 738812900 | E26: 757393412 | F26: 781907273 | G26: 803407390 | H26: 827351509 | I26: 3.0500442
A27: Residential Cable Broadband Subscriptions (actual) | B27: 56890760 | C27: 56542832 | D27: 56580414 | E27: 56407881 | F27: 56302333 | G27: 56403376 | H27: 56325227 | I27: -0.16636848
A28: Residential DSL Broadband Subscriptions (actual) | B28: 16862796 | C28: 15708680 | D28: 14816067 | E28: 14222418 | F28: 13711331 | G28: 13036008 | H28: 12506793 | I28: -4.8586311
A29: Residential Fiber Broadband Subscriptions (actual) | B29: 597962159 | C29: 619321039 | D29: 636915384 | E29: 654522497 | F29: 676941860 | G29: 696842972 | H29: 719325534 | I29: 3.1276914
A30: Residential Satellite Broadband Subscriptions (actual) | B30: 284146 | C30: 309419 | D30: 318347 | E30: 329254 | F30: 338124 | G30: 351748 | H30: 362894 | I30: 4.1612957
A31: Residential Fixed Wireless Broadband Subscriptions (actual) | B31: 14113196 | C31: 23688974 | D31: 25968635 | E31: 27617102 | F31: 30486603 | G31: 32885137 | H31: 35302235 | I31: 16.509893
A32: Residential Other Broadband Subscriptions (actual) | B32: 4764315 | C32: 4596316 | D32: 4214053 | E32: 4294260 | F32: 4127023 | G32: 3888150 | H32: 3528826 | I32: -4.8800465
A34: Australia
A35: Population (actual) | B35: 26710000 | C35: 26970000 | D35: 27230000 | E35: 27470000 | F35: 27720000 | G35: 27960000 | H35: 28190000 | I35: 0.90287283
A36: Occupied Households (actual) | B36: 8494954 | C36: 8527235 | D36: 8548553 | E36: 8576763 | F36: 8599063 | G36: 8620561 | H36: 8647284 | I36: 0.29665487
A37: TV Households (actual) | B37: 8476228 | C37: 8508863 | D37: 8530562 | E37: 8559140 | F37: 8581823 | G37: 8603708 | H37: 8630811 | I37: 0.3016697
A38: Residential Broadband Subscriptions (actual) | B38: 8103085 | C38: 8056182 | D38: 7982893 | E38: 8009401 | F38: 8050446 | G38: 8165452 | H38: 8231930 | I38: 0.26327332
A39: Residential Cable Broadband Subscriptions (actual) | B39: 986417 | C39: 769405 | D39: 607830 | E39: 480186 | F39: 374545 | G39: 337090 | H39: 269672 | I39: -19.438189
A40: Residential DSL Broadband Subscriptions (actual) | B40: 449868 | C40: 301412 | D40: 241129 | E40: 192903 | F40: 154323 | G40: 123458 | H40: 101236 | I40: -22.009511
A41: Residential Fiber Broadband Subscriptions (actual) | B41: 5981009 | C41: 6190344 | D41: 6314151 | E41: 6490947 | F41: 6653221 | G41: 6812898 | H41: 6949156 | I41: 2.5320406
A42: Residential Satellite Broadband Subscriptions (actual) | B42: 150961 | C42: 153225 | D42: 155524 | E42: 157857 | F42: 160225 | G42: 162628 | H42: 164254 | I42: 1.4164797
A43: Residential Fixed Wireless Broadband Subscriptions (actual) | B43: 534830 | C43: 641797 | D43: 664259 | E43: 687509 | F43: 708134 | G43: 729378 | H43: 747612 | I43: 5.741001
A44: Residential Other Broadband Subscriptions (actual) | B44: 0 | C44: 0 | D44: 0 | E44: 0 | F44: 0 | G44: 0 | H44: 0 | I44: NA
A46: Austria
A47: Population (actual) | B47: 8750000 | C47: 8770000 | D47: 8790000 | E47: 8800000 | F47: 8820000 | G47: 8830000 | H47: 8840000 | I47: 0.17069846
A48: Occupied Households (actual) | B48: 4093112 | C48: 4121764 | D48: 4150616 | E48: 4179670 | F48: 4208928 | G48: 4238390 | H48: 4268059 | I48: 0.69999855
A49: TV Households (actual) | B49: 3990090 | C49: 4022010 | D49: 4054186 | E49: 4086620 | F49: 4119313 | G49: 4152267 | H49: 4185485 | I49: 0.79999634
A50: Residential Broadband Subscriptions (actual) | B50: 2516283 | C50: 2577518 | D50: 2634020 | E50: 2693266 | F50: 2751238 | G50: 2808031 | H50: 2869079 | I50: 2.2108901
A51: Residential Cable Broadband Subscriptions (actual) | B51: 1025460 | C51: 1045127 | D51: 1061740 | E51: 1075980 | F51: 1080703 | G51: 1085789 | H51: 1091413 | I51: 1.0442798
A52: Residential DSL Broadband Subscriptions (actual) | B52: 1124494 | C52: 1084794 | D52: 1044170 | E52: 1002562 | F52: 964786 | G52: 923186 | H52: 878309 | I52: -4.0345218
A53: Residential Fiber Broadband Subscriptions (actual) | B53: 348632 | C53: 429754 | D53: 510171 | E53: 596686 | F53: 687613 | G53: 780822 | H53: 881023 | I53: 16.708727
A54: Residential Satellite Broadband Subscriptions (actual) | B54: 743 | C54: 754 | D54: 765 | E54: 777 | F54: 789 | G54: 800 | H54: 812 | I54: 1.4910789
A55: Residential Fixed Wireless Broadband Subscriptions (actual) | B55: 16954 | C55: 17089 | D55: 17175 | E55: 17261 | F55: 17347 | G55: 17434 | H55: 17521 | I55: 0.54977855
A56: Residential Other Broadband Subscriptions (actual) | B56: 0 | C56: 0 | D56: 0 | E56: 0 | F56: 0 | G56: 0 | H56: 0 | I56: NA
A58: Bahamas
A59: Population (actual) | B59: 422476 | C59: 426190 | D59: 429905 | E59: 433619 | F59: 437333 | G59: 441048 | H59: 444762 | I59: 0.86045863
A60: Occupied Households (actual) | B60: 126373 | C60: 128199 | D60: 130051 | E60: 131911 | F60: 133797 | G60: 135720 | H60: 137670 | I60: 1.4372584
A61: TV Households (actual) | B61: 124682 | C61: 126610 | D61: 128568 | E61: 130556 | F61: 132556 | G61: 134588 | H61: 136522 | I61: 1.5234763
A62: Residential Broadband Subscriptions (actual) | B62: 76887 | C62: 77159 | D62: 77435 | E62: 77714 | F62: 77997 | G62: 78285 | H62: 78576 | I62: 0.36281488
A63: Residential Cable Broadband Subscriptions (actual) | B63: 40638 | C63: 40639 | D63: 40708 | E63: 40830 | F63: 40991 | G63: 41142 | H63: 41295 | I63: 0.26765485
A64: Residential DSL Broadband Subscriptions (actual) | B64: 16637 | C64: 16705 | D64: 16821 | E64: 16984 | F64: 17192 | G64: 17255 | H64: 17319 | I64: 0.67183063
A65: Residential Fiber Broadband Subscriptions (actual) | B65: 14306 | C65: 14669 | D65: 14909 | E65: 15042 | F65: 15088 | G65: 15144 | H65: 15200 | I65: 1.0153938
A66: Residential Satellite Broadband Subscriptions (actual) | B66: 0 | C66: 0 | D66: 0 | E66: 0 | F66: 0 | G66: 0 | H66: 0 | I66: NA
A67: Residential Fixed Wireless Broadband Subscriptions (actual) | B67: 5306 | C67: 5146 | D67: 4997 | E67: 4858 | F67: 4726 | G67: 4744 | H67: 4761 | I67: -1.7901255
A68: Residential Other Broadband Subscriptions (actual) | B68: 0 | C68: 0 | D68: 0 | E68: 0 | F68: 0 | G68: 0 | H68: 0 | I68: NA
A70: Bahrain
A71: Population (actual) | B71: 1640000 | C71: 1680000 | D71: 1720000 | E71: 1750000 | F71: 1780000 | G71: 1800000 | H71: 1830000 | I71: 1.8437871
A72: Occupied Households (actual) | B72: 180116 | C72: 180728 | D72: 181270 | E72: 181814 | F72: 182360 | G72: 182907 | H72: 183455 | I72: 0.30660772
A73: TV Households (actual) | B73: 178602 | C73: 179299 | D73: 179926 | E73: 180556 | F73: 181189 | G73: 181823 | H73: 182460 | I73: 0.35682017
A74: Residential Broadband Subscriptions (actual) | B74: 170402 | C74: 173075 | D74: 173714 | E74: 174685 | F74: 175694 | G74: 176740 | H74: 177823 | I74: 0.71300188
A75: Residential Cable Broadband Subscriptions (actual) | B75: 0 | C75: 0 | D75: 0 | E75: 0 | F75: 0 | G75: 0 | H75: 0 | I75: NA
A76: Residential DSL Broadband Subscriptions (actual) | B76: 3422 | C76: 3217 | D76: 3024 | E76: 2842 | F76: 2672 | G76: 2511 | H76: 2361 | I76: -5.9982374
A77: Residential Fiber Broadband Subscriptions (actual) | B77: 160386 | C77: 163594 | D77: 164739 | E77: 166189 | F77: 167651 | G77: 169127 | H77: 170615 | I77: 1.035763
A78: Residential Satellite Broadband Subscriptions (actual) | B78: 0 | C78: 0 | D78: 0 | E78: 0 | F78: 0 | G78: 0 | H78: 0 | I78: NA
A79: Residential Fixed Wireless Broadband Subscriptions (actual) | B79: 6594 | C79: 6264 | D79: 5951 | E79: 5654 | F79: 5371 | G79: 5102 | H79: 4847 | I79: -5.00064
A80: Residential Other Broadband Subscriptions (actual) | B80: 0 | C80: 0 | D80: 0 | E80: 0 | F80: 0 | G80: 0 | H80: 0 | I80: NA
A82: Barbados
A83: Population (actual) | B83: 290871 | C83: 291162 | D83: 291453 | E83: 291744 | F83: 292036 | G83: 292328 | H83: 292618 | I83: 0.099852056
A84: Occupied Households (actual) | B84: 110795 | C84: 111451 | D84: 111979 | E84: 112403 | F84: 112744 | G84: 112744 | H84: 113900 | I84: 0.46171637
A85: TV Households (actual) | B85: 106083 | C85: 107144 | D85: 107155 | E85: 108227 | F85: 108238 | G85: 108249 | H85: 109788 | I85: 0.57379706
A86: Residential Broadband Subscriptions (actual) | B86: 95504 | C86: 96258 | D86: 97018 | E86: 97785 | F86: 98555 | G86: 99333 | H86: 100118 | I86: 0.78945588
A87: Residential Cable Broadband Subscriptions (actual) | B87: 0 | C87: 0 | D87: 0 | E87: 0 | F87: 0 | G87: 0 | H87: 0 | I87: NA
A88: Residential DSL Broadband Subscriptions (actual) | B88: 0 | C88: 0 | D88: 0 | E88: 0 | F88: 0 | G88: 0 | H88: 0 | I88: NA
A89: Residential Fiber Broadband Subscriptions (actual) | B89: 95326 | C89: 96089 | D89: 96857 | E89: 97632 | F89: 98413 | G89: 99201 | H89: 99994 | I89: 0.79997598
A90: Residential Satellite Broadband Subscriptions (actual) | B90: 0 | C90: 0 | D90: 0 | E90: 0 | F90: 0 | G90: 0 | H90: 0 | I90: NA
A91: Residential Fixed Wireless Broadband Subscriptions (actual) | B91: 178 | C91: 169 | D91: 161 | E91: 153 | F91: 142 | G91: 133 | H91: 124 | I91: -5.847119
A92: Residential Other Broadband Subscriptions (actual) | B92: 0 | C92: 0 | D92: 0 | E92: 0 | F92: 0 | G92: 0 | H92: 0 | I92: NA
A94: Belgium
A95: Population (actual) | B95: 11720000 | C95: 11740000 | D95: 11770000 | E95: 11800000 | F95: 11820000 | G95: 11850000 | H95: 11870000 | I95: 0.21218186
A96: Occupied Households (actual) | B96: 5100207 | C96: 5129880 | D96: 5160107 | E96: 5190512 | F96: 5221097 | G96: 5251862 | H96: 5282808 | I96: 0.58799943
A97: TV Households (actual) | B97: 5048260 | C97: 5077631 | D97: 5107550 | E97: 5137646 | F97: 5167918 | G97: 5198370 | H97: 5229001 | I97: 0.58799892
A98: Residential Broadband Subscriptions (actual) | B98: 4474167 | C98: 4546020 | D98: 4615777 | E98: 4688802 | F98: 4759640 | G98: 4825834 | H98: 4893349 | I98: 1.5038075
A99: Residential Cable Broadband Subscriptions (actual) | B99: 2488988 | C99: 2513527 | D99: 2530652 | E99: 2546781 | F99: 2563209 | G99: 2577225 | H99: 2590116 | I99: 0.6659822
A100: Residential DSL Broadband Subscriptions (actual) | B100: 1252943 | C100: 985637 | D100: 716130 | E100: 537032 | F100: 358617 | G100: 180070 | H100: 72334 | I100: -37.831766
A101: Residential Fiber Broadband Subscriptions (actual) | B101: 718598 | C101: 1033015 | D101: 1354946 | E101: 1590728 | F101: 1823340 | G101: 2053848 | H101: 2215988 | I101: 20.646178
A102: Residential Satellite Broadband Subscriptions (actual) | B102: NA | C102: NA | D102: NA | E102: NA | F102: NA | G102: NA | H102: NA | I102: NA
A103: Residential Fixed Wireless Broadband Subscriptions (actual) | B103: 13637 | C103: 13842 | D103: 14050 | E103: 14260 | F103: 14474 | G103: 14691 | H103: 14912 | I103: 1.5008102
A104: Residential Other Broadband Subscriptions (actual) | B104: NA | C104: NA | D104: NA | E104: NA | F104: NA | G104: NA | H104: NA | I104: NA
A106: Bolivia
A107: Population (actual) | B107: 12310000 | C107: 12470000 | D107: 12630000 | E107: 12780000 | F107: 12940000 | G107: 13090000 | H107: 13240000 | I107: 1.2212405
A108: Occupied Households (actual) | B108: 4113160 | C108: 4195423 | D108: 4279331 | E108: 4364918 | F108: 4452216 | G108: 4541260 | H108: 4632085 | I108: 1.9999955
A109: TV Households (actual) | B109: 3706087 | C109: 3820976 | D109: 3935605 | E109: 4053673 | F109: 4175283 | G109: 4300541 | H109: 4429557 | I109: 3.0166558
A110: Residential Broadband Subscriptions (actual) | B110: 1396920 | C110: 1492069 | D110: 1589668 | E110: 1689595 | F110: 1785967 | G110: 1882992 | H110: 1980915 | I110: 5.994269
A111: Residential Cable Broadband Subscriptions (actual) | B111: 109814 | C111: 116815 | D111: 123890 | E111: 131019 | F111: 138181 | G111: 145357 | H111: 152528 | I111: 5.6287104
...

Sheet penetration and ARPU
A2: TMT Geography Knowledge Base (Group by Metric)
A4: Available Markets: All Available Markets
A5: Selected Periods: 2030Y , 2029Y , 2028Y , 2027Y , 2026Y , 2025Y , 2024Y
A6: Available Metrics Penetration/Market Share, ARPU
A7: Rank by: Market
B9: 2024 | C9: 2025 | D9: 2026 | E9: 2027 | F9: 2028 | G9: 2029 | H9: 2030 | I9: CAGR (%) 2024-2030
A11: Residential Broadband Subs/ Occupied Households (%)
A12: Argentina | B12: 74.07 | C12: 76.49 | D12: 78.77 | E12: 79.76 | F12: 81 | G12: 82.76 | H12: 85.08 | I12: 2.33657
A13: Asia Pacific Summary | B13: 56.64 | C13: 58.22 | D13: 58.78 | E13: 59.32 | F13: 60.31 | G13: 61.07 | H13: 61.98 | I13: 1.512936
A14: Australia | B14: 95.39 | C14: 94.48 | D14: 93.38 | E14: 93.38 | F14: 93.62 | G14: 94.72 | H14: 95.2 | I14: -0.033225
A15: Austria | B15: 61.48 | C15: 62.53 | D15: 63.46 | E15: 64.44 | F15: 65.37 | G15: 66.25 | H15: 67.22 | I15: 1.498769
A16: Bahamas | B16: 60.84 | C16: 60.19 | D16: 59.54 | E16: 58.91 | F16: 58.3 | G16: 57.68 | H16: 57.08 | I16: -1.057596
A17: Bahrain | B17: 94.61 | C17: 95.77 | D17: 95.83 | E17: 96.08 | F17: 96.34 | G17: 96.63 | H17: 96.93 | I17: 0.404581
A18: Barbados | B18: 86.2 | C18: 86.37 | D18: 86.64 | E18: 87 | F18: 87.42 | G18: 88.11 | H18: 87.9 | I18: 0.326024
A19: Belgium | B19: 87.73 | C19: 88.62 | D19: 89.45 | E19: 90.33 | F19: 91.16 | G19: 91.89 | H19: 92.63 | I19: 0.909934
A20: Bolivia | B20: 33.96 | C20: 35.56 | D20: 37.15 | E20: 38.71 | F20: 40.11 | G20: 41.46 | H20: 42.77 | I20: 3.919072
A21: Brazil | B21: 61.31 | C21: 63.67 | D21: 65.84 | E21: 67.48 | F21: 68.58 | G21: 69.38 | H21: 69.74 | I21: 2.170403
A22: Bulgaria | B22: 92.59 | C22: 93.57 | D22: 93.65 | E22: 93.94 | F22: 94.32 | G22: 94.74 | H22: 95.15 | I22: 0.455592
A23: Cambodia | B23: 16.69 | C23: 17.54 | D23: 18.51 | E23: 19.61 | F23: 20.49 | G23: 21.44 | H23: 21.93 | I23: 4.6559
... A54: Jordan | B54: 56.73 | C54: 58.81 | D54: 62 | E54: 64.64 | F54: 66.13 | G54: 67.93 | H54: 70.24 | I54: 3.624382
A55: Kenya | B55: NA | C55: NA | D55: NA | E55: NA | F55: NA | G55: NA | H55: NA | I55: NA
A56: Kuwait | B56: 39.45 | C56: 41.71 | D56: 44.29 | E56: 47.24 | F56: 50.72 | G56: 52.22 | H56: 52.5 | I56: 4.878238
A57: Laos | B57: 16.27 | C57: 17.34 | D57: 18.44 | E57: 19.57 | F57: 21.04 | G57: 22.4 | H57: 23.92 | I57: 6.633976
A58: Latin America and Caribbean Summary | B58: 55.04 | C58: 57.2 | D58: 59.03 | E58: 60.42 | F58: 61.48 | G58: 62.34 | H58: 62.99 | I58: 2.274068
A59: Latvia | B59: 57.13 | C59: 57.14 | D59: 56.94 | E59: 56.85 | F59: 56.85 | G59: 56.81 | H59: 56.73 | I59: -0.117035
A60: Lebanon | B60: 67.78 | C60: 68 | D60: 68.09 | E60: 68.34 | F60: 68.89 | G60: 71.06 | H60: 73.17 | I60: 1.283472
A61: Lithuania | B61: 47.79 | C61: 46.09 | D61: 44.72 | E61: 43.58 | F61: 42.63 | G61: 41.81 | H61: 41.12 | I61: -2.474239
A62: Malaysia | B62: 52.36 | C62: 54.54 | D62: 55.9 | E62: 56.68 | F62: 57.54 | G62: 58.35 | H62: 59.14 | I62: 2.050142
A63: Mexico | B63: 67.37 | C63: 70.25 | D63: 72.19 | E63: 73.29 | F63: 73.71 | G63: 73.61 | H63: 73.09 | I63: 1.367461
A64: Middle East and Africa Summary | B64: 11.84 | C64: 12.3 | D64: 12.72 | E64: 13.13 | F64: 13.49 | G64: 13.76 | H64: 14.01 | I64: 2.8445
A65: Morocco | B65: NA | C65: NA | D65: NA | E65: NA | F65: NA | G65: NA | H65: NA | I65: NA
A66: Myanmar | B66: 10.23 | C66: 11.21 | D66: 12.17 | E66: 13.47 | F66: 14.64 | G66: 16.24 | H66: 17.88 | I66: 9.752725
A67: Netherlands | B67: 92.38 | C67: 92.21 | D67: 92.05 | E67: 91.88 | F67: 91.68 | G67: 91.85 | H67: 91.93 | I67: -0.081352
A68: New Zealand | B68: 91.68 | C68: 92.15 | D68: 91.95 | E68: 92.58 | F68: 92.48 | G68: 92.95 | H68: 93.06 | I68: 0.249313
A69: Nicaragua | B69: 24.05 | C69: 25.09 | D69: 25.93 | E69: 26.6 | F69: 27.08 | G69: 27.58 | H69: 28.1 | I69: 2.627844
A70: Nigeria | B70: NA | C70: NA | D70: NA | E70: NA | F70: NA | G70: NA | H70: NA | I70: NA
A71: North America Summary | B71: 90.08 | C71: 91.29 | D71: 92.72 | E71: 94.08 | F71: 95.5 | G71: 97.4 | H71: 98.47 | I71: 1.495299
A72: Norway | B72: 93.95 | C72: 95.05 | D72: 96.03 | E72: 97 | F72: 97.94 | G72: 98.74 | H72: 99.53 | I72: 0.966245
A73: Oman | B73: 77.55 | C73: 78.6 | D73: 79.47 | E73: 80.54 | F73: 82.07 | G73: 83.76 | H73: 85.6 | I73: 1.659662
A74: Other Markets - Asia Pacific Summary | B74: 28.83 | C74: 29.31 | D74: 29.73 | E74: 30.29 | F74: 32.26 | G74: 33.04 | H74: 33.93 | I74: 2.751902
A75: Other Markets - Eastern Europe Summary | B75: 53.27 | C75: 54.59 | D75: 55.87 | E75: 57.46 | F75: 59.43 | G75: 61.81 | H75: 64.64 | I75: 3.27688
A76: Other Markets - Latin America and Caribbean Summary | B76: NA | C76: NA | D76: NA | E76: NA | F76: NA | G76: NA | H76: NA | I76: NA
A77: Other Markets - Middle East and Africa Summary | B77: NA | C77: NA | D77: NA | E77: NA | F77: NA | G77: NA | H77: NA | I77: NA
A78: Other Markets - Western Europe Summary | B78: 95.31 | C78: 95.52 | D78: 95.61 | E78: 95.65 | F78: 95.67 | G78: 95.76 | H78: 95.85 | I78: 0.094207
A79: Pakistan | B79: 9.79 | C79: 10.87 | D79: 12.02 | E79: 13.45 | F79: 14.58 | G79: 15.57 | H79: 16.58 | I79: 9.177624
A80: Palestine | B80: 44.23 | C80: 44.81 | D80: 45.11 | E80: 45.57 | F80: 45.49 | G80: 45.52 | H80: 45.67 | I80: 0.5354
A81: Panama | B81: 52.36 | C81: 53.78 | D81: 55.01 | E81: 56.02 | F81: 56.81 | G81: 57.38 | H81: 57.73 | I81: 1.640545
A82: Paraguay | B82: 41.26 | C82: 44.16 | D82: 46.98 | E82: 49.71 | F82: 52.08 | G82: 54.32 | H82: 56.94 | I82: 5.515122
A83: Peru | B83: 37.74 | C83: 40.38 | D83: 42.96 | E83: 45.97 | F83: 49.23 | G83: 52.65 | H83: 56.16 | I83: 6.8491
A84: Philippines | B84: 33.94 | C84: 38.97 | D84: 44.16 | E84: 47.01 | F84: 49.18 | G84: 51.35 | H84: 53.33 | I84: 7.822639
A85: Poland | B85: 64.15 | C85: 65.91 | D85: 67.6 | E85: 69.34 | F85: 70.97 | G85: 72.48 | H85: 73.89 | I85: 2.38386
A86: Portugal | B86: 90.13 | C86: 91.71 | D86: 93.09 | E86: 94.31 | F86: 95.39 | G86: 96.4 | H86: 97.55 | I86: 1.327264
A87: Puerto Rico | B87: 64.48 | C87: 66.88 | D87: 69.24 | E87: 71.53 | F87: 73.72 | G87: 75.81 | H87: 77.8 | I87: 3.179265
A88: Qatar | B88: 99.17 | C88: 97.24 | D88: 97.57 | E88: 97.94 | F88: 98.3 | G88: 98.7 | H88: 98.74 | I88: -0.072397
A89: Romania | B89: 85.74 | C89: 88.3 | D89: 89.83 | E89: 91.06 | F89: 91.98 | G89: 92.86 | H89: 93.64 | I89: 1.479812
... A113: Yemen | B113: 13.05 | C113: 14.01 | D113: 15.18 | E113: 16.15 | F113: 17.11 | G113: 18.2 | H113: 19.47 | I113: 6.895455
A115: Residential Cable BB Subs/ Occupied Households (%)
A116: Argentina | B116: 34.98 | C116: 34.37 | D116: 34.26 | E116: 34.12 | F116: 33.91 | G116: 33.6 | H116: 33.21 | I116: -0.86169
A117: Asia Pacific Summary | B117: 4.66 | C117: 4.57 | D117: 4.5 | E117: 4.42 | F117: 4.34 | G117: 4.29 | H117: 4.22 | I117: -1.639418
A118: Australia | B118: 11.61 | C118: 9.02 | D118: 7.11 | E118: 5.6 | F118: 4.36 | G118: 3.91 | H118: 3.12 | I118: -19.668281
A119: Austria | B119: 25.05 | C119: 25.36 | D119: 25.58 | E119: 25.74 | F119: 25.68 | G119: 25.62 | H119: 25.57 | I119: 0.34302
A120: Bahamas | B120: 32.16 | C120: 31.7 | D120: 31.3 | E120: 30.95 | F120: 30.64 | G120: 30.31 | H120: 30 | I120: -1.15208
A121: Bahrain | B121: 0 | C121: 0 | D121: 0 | E121: 0 | F121: 0 | G121: 0 | H121: 0 | I121: NA
A122: Barbados | B122: 0 | C122: 0 | D122: 0 | E122: 0 | F122: 0 | G122: 0 | H122: 0 | I122: NA
A123: Belgium | B123: 48.8 | C123: 49 | D123: 49.04 | E123: 49.07 | F123: 49.09 | G123: 49.07 | H123: 49.03 | I123: 0.078398
A124: Bolivia | B124: 2.67 | C124: 2.78 | D124: 2.9 | E124: 3 | F124: 3.1 | G124: 3.2 | H124: 3.29 | I124: 3.541417
A125: Brazil | B125: 10.53 | C125: 10.22 | D125: 9.86 | E125: 9.48 | F125: 9.06 | G125: 8.62 | H125: 8.16 | I125: -4.1607
A126: Bulgaria | B126: 8.43 | C126: 7.96 | D126: 7.6 | E126: 7.32 | F126: 7.11 | G126: 6.94 | H126: 6.8 | I126: -3.517868
A127: Cambodia | B127: 5.08 | C127: 5.06 | D127: 5.04 | E127: 5.01 | F127: 4.99 | G127: 4.96 | H127: 4.94 | I127: -0.464683
A128: Canada | B128: 48.04 | C128: 47.99 | D128: 47.88 | E128: 47.73 | F128: 47.54 | G128: 47.31 | H128: 47.05 | I128: -0.346451
A129: Chile | B129: 17.94 | C129: 16.41 | D129: 15.18 | E129: 14.2 | F129: 13.44 | G129: 12.85 | H129: 12.42 | I129: -5.944717
A130: China | B130: 8.51 | C130: 8.42 | D130: 8.39 | E130: 8.32 | F130: 8.22 | G130: 8.18 | H130: 8.1 | I130: -0.819588
A131: Colombia | B131: 24.84 | C131: 24.01 | D131: 23.32 | E131: 22.71 | F131: 22.15 | G131: 21.62 | H131: 21.14 | I131: -2.652329
A132: Costa Rica | B132: 28.51 | C132: 24.6 | D132: 21.87 | E132: 19.91 | F132: 18.43 | G132: 17.29 | H132: 16.4 | I132: -8.804284
A133: Croatia | B133: 11.18 | C133: 10.06 | D133: 9.8 | E133: 9.62 | F133: 9.49 | G133: 9.37 | H133: 9.24 | I133: -3.126492
A134: Czechia | B134: 13.18 | C134: 13.01 | D134: 12.85 | E134: 12.71 | F134: 12.58 | G134: 12.47 | H134: 12.36 | I134: -1.064874
... A138: Ecuador | B138: 7.11 | C138: 6.77 | D138: 6.44 | E138: 6.12 | F138: 5.82 | G138: 5.53 | H138: 5.26 | I138: -4.898794
A139: Egypt | B139: 0 | C139: 0 | D139: 0 | E139: 0 | F139: 0 | G139: 0 | H139: 0 | I139: NA
A140: El Salvador | B140: 13.43 | C140: 14.1 | D140: 14.76 | E140: 15.43 | F140: 16.07 | G140: 16.7 | H140: 17.32 | I140: 4.330666
A141: Estonia | B141: 11.06 | C141: 9.88 | D141: 9.42 | E141: 9.05 | F141: 8.74 | G141: 8.49 | H141: 8.27 | I141: -4.72951
A142: Finland | B142: 18.46 | C142: 19.07 | D142: 19.59 | E142: 19.95 | F142: 20.24 | G142: 20.46 | H142: 20.61 | I142: 1.853131
A143: France | B143: 1.79 | C143: 1.39 | D143: 1.12 | E143: 0.9 | F143: 0.73 | G143: 0.58 | H143: 0.47 | I143: -19.978356
A144: Germany | B144: 20.73 | C144: 20.63 | D144: 20.52 | E144: 20.38 | F144: 20.4 | G144: 20.38 | H144: 20.28 | I144: -0.365111
A145: Greece | B145: 0 | C145: 0 | D145: 0 | E145: 0 | F145: 0 | G145: 0 | H145: 0 | I145: NA
A146: Guatemala | B146: 13.25 | C146: 13.37 | D146: 13.44 | E146: 13.65 | F146: 12.72 | G146: 12.79 | H146: 12.72 | I146: -0.678057
A147: Honduras | B147: 19.83 | C147: 20.67 | D147: 21.44 | E147: 21.99 | F147: 22.34 | G147: 22.56 | H147: 22.79 | I147: 2.345857
A148: Hong Kong | B148: 5.38 | C148: 4.73 | D148: 4.19 | E148: 3.76 | F148: 3.42 | G148: 3.06 | H148: 2.81 | I148: -10.259736
A149: Hungary | B149: 34.53 | C149: 33.55 | D149: 32.64 | E149: 32.03 | F149: 31.73 | G149: 31.59 | H149: 31.52 | I149: -1.508609
A150: India | B150: 0.25 | C150: 0.22 | D150: 0.2 | E150: 0.18 | F150: 0.18 | G150: 0.16 | H150: 0.15 | I150: -8.16141
A151: Indonesia | B151: 0.92 | C151: 0.93 | D151: 0.93 | E151: 0.94 | F151: 0.94 | G151: 0.95 | H151: 0.95 | I151: 0.536238
A152: Iraq | B152: 0 | C152: 0 | D152: 0 | E152: 0 | F152: 0 | G152: 0 | H152: 0 | I152: NA
A153: Ireland | B153: 15.28 | C153: 15.04 | D153: 14.83 | E153: 14.65 | F153: 14.48 | G153: 14.3 | H153: 14.13 | I153: -1.29561
A154: Israel | B154: 13.07 | C154: 11.11 | D154: 9.48 | E154: 8.08 | F154: 6.9 | G154: 5.89 | H154: 5.04 | I154: -14.684916
A155: Italy | B155: 0 | C155: 0 | D155: 0 | E155: 0 | F155: 0 | G155: 0 | H155: 0 | I155: NA
A156: Jamaica | B156: 15.81 | C156: 15.9 | D156: 15.96 | E156: 16.01 | F156: 16.05 | G156: 16.02 | H156: 17.12 | I156: 1.335586
A157: Japan | B157: 9.95 | C157: 9.79 | D157: 9.59 | E157: 9.32 | F157: 9.24 | G157: 9.1 | H157: 8.93 | I157: -1.786453
A158: Jordan | B158: 0 | C158: 0 | D158: 0 | E158: 0 | F158: 0 | G158: 0 | H158: 0 | I158: NA
A159: Kenya | B159: NA | C159: NA | D159: NA | E159: NA | F159: NA | G159: NA | H159: NA | I159: NA
A160: Kuwait | B160: 0 | C160: 0 | D160: 0 | E160: 0 | F160: 0 | G160: 0 | H160: 0 | I160: NA
A161: Laos | B161: 0.02 | C161: 0.02 | D161: 0.02 | E161: 0.01 | F161: 0.01 | G161: 0.01 | H161: 0.01 | I161: -10.910128
...

Sheet Penetration and ARPU by market
A2: TMT Geography Knowledge Base (Group by Market)
A3: Available Markets: All Available Markets
A4: Selected Periods: 2030Y , 2029Y , 2028Y , 2027Y , 2026Y , 2025Y , 2024Y
A5: Available Metrics Penetration/Market Share, ARPU
A6: Rank by: Market
B8: 2024 | C8: 2025 | D8: 2026 | E8: 2027 | F8: 2028 | G8: 2029 | H8: 2030 | I8: CAGR (%) 2024-2030
A10: Argentina
A11: Residential Broadband Subs/ Occupied Households (%) | B11: 74.07 | C11: 76.49 | D11: 78.77 | E11: 79.76 | F11: 81 | G11: 82.76 | H11: 85.08 | I11: 2.33657
A12: Residential Cable BB Subs/ Occupied Households (%) | B12: 34.98 | C12: 34.37 | D12: 34.26 | E12: 34.12 | F12: 33.91 | G12: 33.6 | H12: 33.21 | I12: -0.86169
A13: Residential DSL BB Subs/ Occupied Households (%) | B13: 3.24 | C13: 0.86 | D13: 0.24 | E13: 0.02 | F13: 0 | G13: 0 | H13: 0 | I13: -100
A14: Residential Fiber BB Subs/ Occupied Households (%) | B14: 30.31 | C14: 34.6 | D14: 37.64 | E14: 39.03 | F14: 40.54 | G14: 42.64 | H14: 45.4 | I14: 6.96581
A15: Residential Satellite BB Subs/ Occupied Households (%) | B15: 0.58 | C15: 1.44 | D15: 1.45 | E15: 1.47 | F15: 1.49 | G15: 1.5 | H15: 1.52 | I15: 17.418339
A16: Residential Fixed Wireless BB Subs/ Occupied HHs (%) | B16: 3.73 | C16: 4.01 | D16: 3.96 | E16: 3.92 | F16: 3.87 | G16: 3.83 | H16: 3.79 | I16: 0.266317
A17: Residential Other Broadband Subs/ Occupied HHs (%) | B17: 1.24 | C17: 1.23 | D17: 1.21 | E17: 1.2 | F17: 1.19 | G17: 1.18 | H17: 1.17 | I17: -0.963786
A18: Cable Share of Residential Broadband Subs (%) | B18: 47.22 | C18: 44.93 | D18: 43.5 | E18: 42.78 | F18: 41.87 | G18: 40.6 | H18: 39.03 | I18: -3.124915
A19: DSL Share of Residential Broadband Subs (%) | B19: 4.38 | C19: 1.12 | D19: 0.3 | E19: 0.03 | F19: 0 | G19: 0 | H19: 0 | I19: -100
A20: Fiber Share of Residential Broadband Subs (%) | B20: 40.92 | C20: 45.23 | D20: 47.78 | E20: 48.94 | F20: 50.05 | G20: 51.53 | H20: 53.36 | I20: 4.523361
A21: Satellite Share of Residential Broadband Subs (%) | B21: 0.78 | C21: 1.88 | D21: 1.84 | E21: 1.84 | F21: 1.83 | G21: 1.82 | H21: 1.79 | I21: 14.848785
A22: Fixed Wireless Share of Residential Broadband Subs (%) | B22: 5.03 | C22: 5.24 | D22: 5.03 | E22: 4.91 | F22: 4.78 | G22: 4.63 | H22: 4.45 | I22: -2.021225
... A24: Residential Broadband ARPU ($) | B24: 17.36 | C24: 18.58 | D24: 17.34 | E24: 17.01 | F24: 16.55 | G24: 16.44 | H24: 17.22 | I24: -0.13486248
A25: Residential Cable Broadband ARPU ($) | B25: NA | C25: NA | D25: NA | E25: NA | F25: NA | G25: NA | H25: NA | I25: NA
A26: Residential DSL Broadband ARPU ($) | B26: NA | C26: NA | D26: NA | E26: NA | F26: NA | G26: NA | H26: NA | I26: NA
A27: Residential Fiber Broadband ARPU ($) | B27: NA | C27: NA | D27: NA | E27: NA | F27: NA | G27: NA | H27: NA | I27: NA
A28: Residential Satellite Broadband ARPU ($) | B28: NA | C28: NA | D28: NA | E28: NA | F28: NA | G28: NA | H28: NA | I28: NA
A29: Residential Fixed Wireless Broadband ARPU ($) | B29: NA | C29: NA | D29: NA | E29: NA | F29: NA | G29: NA | H29: NA | I29: NA
A31: Asia Pacific Summary
A32: Residential Broadband Subs/ Occupied Households (%) | B32: 56.64 | C32: 58.22 | D32: 58.78 | E32: 59.32 | F32: 60.31 | G32: 61.07 | H32: 61.98 | I32: 1.512936
A33: Residential Cable BB Subs/ Occupied Households (%) | B33: 4.66 | C33: 4.57 | D33: 4.5 | E33: 4.42 | F33: 4.34 | G33: 4.29 | H33: 4.22 | I33: -1.639418
A34: Residential DSL BB Subs/ Occupied Households (%) | B34: 1.38 | C34: 1.27 | D34: 1.18 | E34: 1.11 | F34: 1.06 | G34: 0.99 | H34: 0.94 | I34: -6.198858
A35: Residential Fiber BB Subs/ Occupied Households (%) | B35: 49.02 | C35: 50.06 | D35: 50.67 | E35: 51.26 | F35: 52.21 | G35: 52.97 | H35: 53.89 | I35: 1.591135
A36: Residential Satellite BB Subs/ Occupied Households (%) | B36: 0.02 | C36: 0.03 | D36: 0.03 | E36: 0.03 | F36: 0.03 | G36: 0.03 | H36: 0.03 | I36: 6.991319
A37: Residential Fixed Wireless BB Subs/ Occupied HHs (%) | B37: 1.16 | C37: 1.91 | D37: 2.07 | E37: 2.16 | F37: 2.35 | G37: 2.5 | H37: 2.64 | I37: 14.689675
A38: Residential Other Broadband Subs/ Occupied HHs (%) | B38: 0.39 | C38: 0.37 | D38: 0.34 | E38: 0.34 | F38: 0.32 | G38: 0.3 | H38: 0.26 | I38: -6.534474
A39: Cable Share of Residential Broadband Subs (%) | B39: 8.23 | C39: 7.85 | D39: 7.66 | E39: 7.45 | F39: 7.2 | G39: 7.02 | H39: 6.81 | I39: -3.107265
A40: DSL Share of Residential Broadband Subs (%) | B40: 2.44 | C40: 2.18 | D40: 2.01 | E40: 1.88 | F40: 1.75 | G40: 1.62 | H40: 1.51 | I40: -7.686648
A41: Fiber Share of Residential Broadband Subs (%) | B41: 86.55 | C41: 86 | D41: 86.21 | E41: 86.42 | F41: 86.58 | G41: 86.74 | H41: 86.94 | I41: 0.07496
A42: Satellite Share of Residential Broadband Subs (%) | B42: 0.04 | C42: 0.04 | D42: 0.04 | E42: 0.04 | F42: 0.04 | G42: 0.04 | H42: 0.04 | I42: 0
A43: Fixed Wireless Share of Residential Broadband Subs (%) | B43: 2.04 | C43: 3.29 | D43: 3.51 | E43: 3.65 | F43: 3.9 | G43: 4.09 | H43: 4.27 | I43: 13.100958
... A50: Residential Fixed Wireless Broadband ARPU ($) | B50: 12.92 | C50: 9.37 | D50: 8.01 | E50: 7.75 | F50: 7.43 | G50: 7.21 | H50: 7.03 | I50: -9.645705
A52: Australia
A53: Residential Broadband Subs/ Occupied Households (%) | B53: 95.39 | C53: 94.48 | D53: 93.38 | E53: 93.38 | F53: 93.62 | G53: 94.72 | H53: 95.2 | I53: -0.033225
A54: Residential Cable BB Subs/ Occupied Households (%) | B54: 11.61 | C54: 9.02 | D54: 7.11 | E54: 5.6 | F54: 4.36 | G54: 3.91 | H54: 3.12 | I54: -19.668281
A55: Residential DSL BB Subs/ Occupied Households (%) | B55: 5.3 | C55: 3.53 | D55: 2.82 | E55: 2.25 | F55: 1.79 | G55: 1.43 | H55: 1.17 | I55: -22.258724
A56: Residential Fiber BB Subs/ Occupied Households (%) | B56: 70.41 | C56: 72.59 | D56: 73.86 | E56: 75.68 | F56: 77.37 | G56: 79.03 | H56: 80.36 | I56: 2.227466
A57: Residential Satellite BB Subs/ Occupied Households (%) | B57: 1.78 | C57: 1.8 | D57: 1.82 | E57: 1.84 | F57: 1.86 | G57: 1.89 | H57: 1.9 | I57: 1.093275
A58: Residential Fixed Wireless BB Subs/ Occupied HHs (%) | B58: 6.3 | C58: 7.53 | D58: 7.77 | E58: 8.02 | F58: 8.24 | G58: 8.46 | H58: 8.65 | I58: 5.425562
A59: Residential Other Broadband Subs/ Occupied HHs (%) | B59: 0 | C59: 0 | D59: 0 | E59: 0 | F59: 0 | G59: 0 | H59: 0 | I59: NA
A60: Cable Share of Residential Broadband Subs (%) | B60: 12.17 | C60: 9.55 | D60: 7.61 | E60: 6 | F60: 4.65 | G60: 4.13 | H60: 3.28 | I60: -19.6294
A61: DSL Share of Residential Broadband Subs (%) | B61: 5.55 | C61: 3.74 | D61: 3.02 | E61: 2.41 | F61: 1.92 | G61: 1.51 | H61: 1.23 | I61: -22.207925
A62: Fiber Share of Residential Broadband Subs (%) | B62: 73.81 | C62: 76.84 | D62: 79.1 | E62: 81.04 | F62: 82.64 | G62: 83.44 | H62: 84.42 | I62: 2.263744
A63: Satellite Share of Residential Broadband Subs (%) | B63: 1.86 | C63: 1.9 | D63: 1.95 | E63: 1.97 | F63: 1.99 | G63: 1.99 | H63: 2 | I63: 1.216856
A64: Fixed Wireless Share of Residential Broadband Subs (%) | B64: 6.6 | C64: 7.97 | D64: 8.32 | E64: 8.58 | F64: 8.8 | G64: 8.93 | H64: 9.08 | I64: 5.46062
A65: Other Broadband Share of Residential BB Subs (%) | B65: 0 | C65: 0 | D65: 0 | E65: 0 | F65: 0 | G65: 0 | H65: 0 | I65: NA
A66: Residential Broadband ARPU ($) | B66: 35.48 | C66: 34.65 | D66: 34.66 | E66: 34.81 | F66: 34.99 | G66: 35.15 | H66: 35.32 | I66: -0.075301329
A67: Residential Cable Broadband ARPU ($) | B67: 32.65 | C67: 31.08 | D67: 30.34 | E67: 31.9 | F67: 31.23 | G67: 30.72 | H67: 31.72 | I67: -0.480466
A68: Residential DSL Broadband ARPU ($) | B68: 31.09 | C68: 30.03 | D68: 30.95 | E68: 31.43 | F68: 31.08 | G68: 32 | H68: 32.04 | I68: 0.502909
A69: Residential Fiber Broadband ARPU ($) | B69: 37.31 | C69: 36.34 | D69: 36.22 | E69: 36.14 | F69: 36.36 | G69: 36.48 | H69: 36.53 | I69: -0.351507
A70: Residential Satellite Broadband ARPU ($) | B70: 19.933047 | C70: 19.898427 | D70: 20.208225 | E70: 19.783924 | F70: 20.135042 | G70: 20.155872 | H70: 20.601734 | I70: 0.55145192
A71: Residential Fixed Wireless Broadband ARPU ($) | B71: 29.85 | C71: 29.43 | D71: 29.41 | E71: 29.23 | F71: 28.9 | G71: 29.12 | H71: 29.48 | I71: -0.207664
A73: Austria
A74: Residential Broadband Subs/ Occupied Households (%) | B74: 61.48 | C74: 62.53 | D74: 63.46 | E74: 64.44 | F74: 65.37 | G74: 66.25 | H74: 67.22 | I74: 1.498769
A75: Residential Cable BB Subs/ Occupied Households (%) | B75: 25.05 | C75: 25.36 | D75: 25.58 | E75: 25.74 | F75: 25.68 | G75: 25.62 | H75: 25.57 | I75: 0.34302
A76: Residential DSL BB Subs/ Occupied Households (%) | B76: 27.47 | C76: 26.32 | D76: 25.16 | E76: 23.99 | F76: 22.92 | G76: 21.78 | H76: 20.58 | I76: -4.698928
A77: Residential Fiber BB Subs/ Occupied Households (%) | B77: 8.52 | C77: 10.43 | D77: 12.29 | E77: 14.28 | F77: 16.34 | G77: 18.42 | H77: 20.64 | I77: 15.889747
A78: Residential Satellite BB Subs/ Occupied Households (%) | B78: 0.02 | C78: 0.02 | D78: 0.02 | E78: 0.02 | F78: 0.02 | G78: 0.02 | H78: 0.02 | I78: 0
A79: Residential Fixed Wireless BB Subs/ Occupied HHs (%) | B79: 0.41 | C79: 0.41 | D79: 0.41 | E79: 0.41 | F79: 0.41 | G79: 0.41 | H79: 0.41 | I79: 0
A80: Residential Other Broadband Subs/ Occupied HHs (%) | B80: 0 | C80: 0 | D80: 0 | E80: 0 | F80: 0 | G80: 0 | H80: 0 | I80: NA
A81: Cable Share of Residential Broadband Subs (%) | B81: 40.75 | C81: 40.55 | D81: 40.31 | E81: 39.95 | F81: 39.28 | G81: 38.67 | H81: 38.04 | I81: -1.140408
A82: DSL Share of Residential Broadband Subs (%) | B82: 44.69 | C82: 42.09 | D82: 39.64 | E82: 37.22 | F82: 35.07 | G82: 32.88 | H82: 30.61 | I82: -6.112272
A83: Fiber Share of Residential Broadband Subs (%) | B83: 13.86 | C83: 16.67 | D83: 19.37 | E83: 22.15 | F83: 24.99 | G83: 27.81 | H83: 30.71 | I83: 14.178964
A84: Satellite Share of Residential Broadband Subs (%) | B84: 0.03 | C84: 0.03 | D84: 0.03 | E84: 0.03 | F84: 0.03 | G84: 0.03 | H84: 0.03 | I84: 0
A85: Fixed Wireless Share of Residential Broadband Subs (%) | B85: 0.67 | C85: 0.66 | D85: 0.65 | E85: 0.64 | F85: 0.63 | G85: 0.62 | H85: 0.61 | I85: -1.551484
A86: Other Broadband Share of Residential BB Subs (%) | B86: 0 | C86: 0 | D86: 0 | E86: 0 | F86: 0 | G86: 0 | H86: 0 | I86: NA
A87: Residential Broadband ARPU ($) | B87: 41.51 | C87: 43.26 | D87: 44.92 | E87: 46.52 | F87: 48.11 | G87: 49.55 | H87: 50.93 | I87: 3.4673892
A88: Residential Cable Broadband ARPU ($) | B88: 42.34 | C88: 42.97 | D88: 43.6 | E88: 44.2 | F88: 44.77 | G88: 45.21 | H88: 45.53 | I88: 1.218011
A89: Residential DSL Broadband ARPU ($) | B89: 31.88 | C89: 32.71 | D89: 33.57 | E89: 34.51 | F89: 35.64 | G89: 36.76 | H89: 38.01 | I89: 2.974556
A90: Residential Fiber Broadband ARPU ($) | B90: 76.57 | C90: 75.92 | D90: 75.26 | E90: 74.7 | F90: 74.16 | G90: 73.63 | H90: 73.15 | I90: -0.758661
A91: Residential Satellite Broadband ARPU ($) | B91: 53.621271 | C91: 53.621271 | D91: 53.621271 | E91: 53.621271 | F91: 53.621271 | G91: 53.621271 | H91: 53.621271 | I91: 0
A92: Residential Fixed Wireless Broadband ARPU ($) | B92: 39.19 | C92: 39.19 | D92: 39.13 | E92: 39.13 | F92: 39.13 | G92: 39.13 | H92: 39.13 | I92: -0.025533
A94: Bahamas
A95: Residential Broadband Subs/ Occupied Households (%) | B95: 60.84 | C95: 60.19 | D95: 59.54 | E95: 58.91 | F95: 58.3 | G95: 57.68 | H95: 57.08 | I95: -1.057596
A96: Residential Cable BB Subs/ Occupied Households (%) | B96: 32.16 | C96: 31.7 | D96: 31.3 | E96: 30.95 | F96: 30.64 | G96: 30.31 | H96: 30 | I96: -1.15208
A97: Residential DSL BB Subs/ Occupied Households (%) | B97: 13.16 | C97: 13.03 | D97: 12.93 | E97: 12.88 | F97: 12.85 | G97: 12.71 | H97: 12.58 | I97: -0.748413
A98: Residential Fiber BB Subs/ Occupied Households (%) | B98: 11.32 | C98: 11.44 | D98: 11.46 | E98: 11.4 | F98: 11.28 | G98: 11.16 | H98: 11.04 | I98: -0.416564
A99: Residential Satellite BB Subs/ Occupied Households (%) | B99: 0 | C99: 0 | D99: 0 | E99: 0 | F99: 0 | G99: 0 | H99: 0 | I99: NA
A100: Residential Fixed Wireless BB Subs/ Occupied HHs (%) | B100: 4.2 | C100: 4.01 | D100: 3.84 | E100: 3.68 | F100: 3.53 | G100: 3.5 | H100: 3.46 | I100: -3.17865
A101: Residential Other Broadband Subs/ Occupied HHs (%) | B101: 0 | C101: 0 | D101: 0 | E101: 0 | F101: 0 | G101: 0 | H101: 0 | I101: NA
A102: Cable Share of Residential Broadband Subs (%) | B102: 52.85 | C102: 52.67 | D102: 52.57 | E102: 52.54 | F102: 52.55 | G102: 52.55 | H102: 52.55 | I102: -0.094832
A103: DSL Share of Residential Broadband Subs (%) | B103: 21.64 | C103: 21.65 | D103: 21.72 | E103: 21.85 | F103: 22.04 | G103: 22.04 | H103: 22.04 | I103: 0.305725
A104: Fiber Share of Residential Broadband Subs (%) | B104: 18.61 | C104: 19.01 | D104: 19.25 | E104: 19.36 | F104: 19.34 | G104: 19.34 | H104: 19.34 | I104: 0.643334
A105: Satellite Share of Residential Broadband Subs (%) | B105: 0 | C105: 0 | D105: 0 | E105: 0 | F105: 0 | G105: 0 | H105: 0 | I105: NA
A106: Fixed Wireless Share of Residential Broadband Subs (%) | B106: 6.9 | C106: 6.67 | D106: 6.45 | E106: 6.25 | F106: 6.06 | G106: 6.06 | H106: 6.06 | I106: -2.140291
A107: Other Broadband Share of Residential BB Subs (%) | B107: 0 | C107: 0 | D107: 0 | E107: 0 | F107: 0 | G107: 0 | H107: 0 | I107: NA
A108: Residential Broadband ARPU ($) | B108: NA | C108: NA | D108: NA | E108: NA | F108: NA | G108: NA | H108: NA | I108: NA
A109: Residential Cable Broadband ARPU ($) | B109: NA | C109: NA | D109: NA | E109: NA | F109: NA | G109: NA | H109: NA | I109: NA
A110: Residential DSL Broadband ARPU ($) | B110: NA | C110: NA | D110: NA | E110: NA | F110: NA | G110: NA | H110: NA | I110: NA
A111: Residential Fiber Broadband ARPU ($) | B111: NA | C111: NA | D111: NA | E111: NA | F111: NA | G111: NA | H111: NA | I111: NA
A112: Residential Satellite Broadband ARPU ($) | B112: NA | C112: NA | D112: NA | E112: NA | F112: NA | G112: NA | H112: NA | I112: NA
A113: Residential Fixed Wireless Broadband ARPU ($) | B113: NA | C113: NA | D113: NA | E113: NA | F113: NA | G113: NA | H113: NA | I113: NA
A115: Bahrain
...

Sheet starlink countries list
A1: ISO Code | B1: Country / Territory | C1: Status | D1: Notes
A2: AF | B2: Afghanistan | C2: Not Available (Blocked)
A3: XA | B3: Akrotiri & Dhekelia (UK Sovereign Base) | C3: Coming Soon | D3: Service date is unknown at this time | E3: =COUNTIF(C:C, "Available") -> 164
A4: AL | B4: Albania | C4: Available
A5: DZ | B5: Algeria | C5: Coming Soon | D5: Service date is unknown at this time
A6: AS | B6: American Samoa | C6: Available
A7: AD | B7: Andorra | C7: Coming Soon | D7: Service date is unknown at this time
A8: AO | B8: Angola | C8: Coming Soon | D8: Starting in 2026
A9: AI | B9: Anguilla | C9: Coming Soon | D9: Starting in 2026
A10: AQ | B10: Antarctica | C10: Available
A11: AG | B11: Antigua and Barbuda | C11: Available
A12: AR | B12: Argentina | C12: Available
A13: AM | B13: Armenia | C13: Available
A14: AW | B14: Aruba | C14: Coming Soon | D14: Starting in 2026
A15: AU | B15: Australia | C15: Available
A16: AT | B16: Austria | C16: Available
A17: AZ | B17: Azerbaijan | C17: Available
A18: BS | B18: Bahamas | C18: Available
A19: BH | B19: Bahrain | C19: Available
A20: BD | B20: Bangladesh | C20: Available
A21: BB | B21: Barbados | C21: Available
A22: BY | B22: Belarus | C22: Not Available (Blocked)
A23: BE | B23: Belgium | C23: Available
A24: BZ | B24: Belize | C24: Coming Soon | D24: Starting in 2026
A25: BJ | B25: Benin | C25: Available
A26: BM | B26: Bermuda | C26: Coming Soon | D26: Starting in 2026
A27: BT | B27: Bhutan | C27: Available
A28: BO | B28: Bolivia, Plurinational State of | C28: Available
A29: BA | B29: Bosnia and Herzegovina | C29: Coming Soon | D29: Starting in 2026
A30: BW | B30: Botswana | C30: Available
A31: BV | B31: Bouvet Island | C31: Available
A32: BR | B32: Brazil | C32: Available
A33: IO | B33: British Indian Ocean Territory | C33: Coming Soon | D33: Service date is unknown at this time
A34: BN | B34: Brunei Darussalam | C34: Coming Soon | D34: Pending regulatory approval
A35: BG | B35: Bulgaria | C35: Available
A36: BF | B36: Burkina Faso | C36: Coming Soon | D36: Starting in 2026
A37: BI | B37: Burundi | C37: Available
A38: CV | B38: Cabo Verde | C38: Available
A39: KH | B39: Cambodia | C39: Coming Soon | D39: Starting in 2026
A40: CM | B40: Cameroon | C40: Coming Soon | D40: Starting in 2026
A41: CA | B41: Canada | C41: Available
A42: BQ | B42: Caribbean Netherlands (Bonaire, Saba, Sint Eustatius) | C42: Available
A43: KY | B43: Cayman Islands | C43: Available
A44: CF | B44: Central African Republic | C44: Available
A45: TD | B45: Chad | C45: Available
A46: CL | B46: Chile | C46: Available
A47: CN | B47: China | C47: Not Available (Blocked)
A48: CX | B48: Christmas Island | C48: Available
A49: XC | B49: Clipperton Island | C49: Coming Soon | D49: Service date is unknown at this time
A50: CC | B50: Cocos (Keeling) Islands | C50: Available
A51: CO | B51: Colombia | C51: Available
A52: KM | B52: Comoros | C52: Coming Soon | D52: Starting in 2026
A53: CG | B53: Congo | C53: Coming Soon | D53: Starting in 2026
A54: CD | B54: Congo, The Democratic Republic of the | C54: Available
A55: CK | B55: Cook Islands | C55: Available
A56: CR | B56: Costa Rica | C56: Available
A57: HR | B57: Croatia | C57: Available
A58: CU | B58: Cuba | C58: Coming Soon
A59: CW | B59: Cura√ßao | C59: Coming Soon | D59: Starting in 2026
A60: CY | B60: Cyprus | C60: Not Available (Excluded)
A61: CZ | B61: Czechia | C61: Available
A62: CI | B62: C√¥te d'Ivoire | C62: Coming Soon | D62: Starting in 2026
A63: DK | B63: Denmark | C63: Available
A64: DJ | B64: Djibouti | C64: Coming Soon | D64: Service date is unknown at this time
A65: DM | B65: Dominica | C65: Available
A66: DO | B66: Dominican Republic | C66: Available
A67: EC | B67: Ecuador | C67: Available
A68: EG | B68: Egypt | C68: Status Unknown
A69: SV | B69: El Salvador | C69: Available
A70: GQ | B70: Equatorial Guinea | C70: Coming Soon | D70: Starting in 2026
A71: ER | B71: Eritrea | C71: Coming Soon | D71: Service date is unknown at this time
A72: EE | B72: Estonia | C72: Available
A73: SZ | B73: Eswatini | C73: Available
A74: ET | B74: Ethiopia | C74: Coming Soon | D74: Service date is unknown at this time
A75: FK | B75: Falkland Islands | C75: Available
A76: FO | B76: Faroe Islands | C76: Available
A77: FJ | B77: Fiji | C77: Available
A78: FI | B78: Finland | C78: Available
A79: FR | B79: France | C79: Available
A80: GF | B80: French Guiana | C80: Available
A81: PF | B81: French Polynesia | C81: Coming Soon | D81: Starting in 2026
A82: TF | B82: French Southern & Antarctic Lands | C82: Coming Soon | D82: Service date is unknown at this time
A83: GA | B83: Gabon | C83: Coming Soon | D83: Starting in 2026
A84: GM | B84: Gambia | C84: Coming Soon | D84: Starting in 2026
A85: GE | B85: Georgia | C85: Not Available (Excluded)
A86: DE | B86: Germany | C86: Available
A87: GH | B87: Ghana | C87: Available
A88: GI | B88: Gibraltar | C88: Available
A89: GR | B89: Greece | C89: Available
A90: GL | B90: Greenland | C90: Coming Soon | D90: Service date is unknown at this time
A91: GD | B91: Grenada | C91: Coming Soon | D91: Starting in 2026
A92: GP | B92: Guadeloupe | C92: Available
A93: GU | B93: Guam | C93: Available
A94: GT | B94: Guatemala | C94: Available
A95: GG | B95: Guernsey | C95: Available
A96: GN | B96: Guinea | C96: Coming Soon | D96: Starting in 2026
A97: GW | B97: Guinea-Bissau | C97: Available
A98: GY | B98: Guyana | C98: Available
A99: HT | B99: Haiti | C99: Available
A100: HM | B100: Heard Island & McDonald Islands | C100: Available
...

Sheet Starlink countries with data
A1: Starlink Available / Coming Soon Countries — 2026 Market Data
A2: Filtered from 'starlink countries list' (Status = Available or Coming Soon); data linked from 'Population and Broadband subs' and 'penetration and ARPU' tabs, year 2026
A4: Region | B4: Country | C4: Starlink Status | D4: Data Tab Name | E4: Population (2026) | F4: Broadband Subs - Residential (2026) | G4: Penetration (2026) | H4: ARPU ($) (2026) | I4: Satellite ARPU ($) (2026)
A5: Asia Pacific
B6: Australia | C6: =INDEX('starlink countries list'!$C$2:$C$256,MATCH($B6,'starlink countries list'!$B$2:$B$256,0)) -> Available | D6: Australia | E6: =INDEX('Population and Broadband subs'!$D$12:$D$113,MATCH($D6,'Population and Broadband subs'!$A$12:$A$113,0)) -> 27230000 | F6: =INDEX('Population and Broadband subs'!$D$324:$D$425,MATCH($D6,'Population and Broadband subs'!$A$324:$A$425,0)) -> 7982893 | G6: =INDEX('penetration and ARPU'!$D$12:$D$113,MATCH($D6,'penetration and ARPU'!$A$12:$A$113,0)) -> 93.38 | H6: =INDEX('penetration and ARPU'!$D$1364:$D$1465,MATCH($D6,'penetration and ARPU'!$A$1364:$A$1465,0)) -> 34.66 | I6: =IFERROR(INDEX('penetration and ARPU'!$D$1780:$D$1881,MATCH($D6,'penetration and ARPU'!$A$1780:$A$1881,0)),"n/a") -> 20.208225
B7: Cambodia | C7: =INDEX('starlink countries list'!$C$2:$C$256,MATCH($B7,'starlink countries list'!$B$2:$B$256,0)) -> Coming Soon | D7: Cambodia | E7: =INDEX('Population and Broadband subs'!$D$12:$D$113,MATCH($D7,'Population and Broadband subs'!$A$12:$A$113,0)) -> 17427953 | F7: =INDEX('Population and Broadband subs'!$D$324:$D$425,MATCH($D7,'Population and Broadband subs'!$A$324:$A$425,0)) -> 760035 | G7: =INDEX('penetration and ARPU'!$D$12:$D$113,MATCH($D7,'penetration and ARPU'!$A$12:$A$113,0)) -> 18.51 | H7: =INDEX('penetration and ARPU'!$D$1364:$D$1465,MATCH($D7,'penetration and ARPU'!$A$1364:$A$1465,0)) -> 17.19 | I7: =IFERROR(INDEX('penetration and ARPU'!$D$1780:$D$1881,MATCH($D7,'penetration and ARPU'!$A$1780:$A$1881,0)),"n/a") -> NA
B8: Indonesia | C8: =INDEX('starlink countries list'!$C$2:$C$256,MATCH($B8,'starlink countries list'!$B$2:$B$256,0)) -> Available | D8: Indonesia | E8: =INDEX('Population and Broadband subs'!$D$12:$D$113,MATCH($D8,'Population and Broadband subs'!$A$12:$A$113,0)) -> 287148600 | F8: =INDEX('Population and Broadband subs'!$D$324:$D$425,MATCH($D8,'Population and Broadband subs'!$A$324:$A$425,0)) -> 18616010 | G8: =INDEX('penetration and ARPU'!$D$12:$D$113,MATCH($D8,'penetration and ARPU'!$A$12:$A$113,0)) -> 25.17 | H8: =INDEX('penetration and ARPU'!$D$1364:$D$1465,MATCH($D8,'penetration and ARPU'!$A$1364:$A$1465,0)) -> 12.14 | I8: =IFERROR(INDEX('penetration and ARPU'!$D$1780:$D$1881,MATCH($D8,'penetration and ARPU'!$A$1780:$A$1881,0)),"n/a") -> 15.810295
B9: Japan | C9: =INDEX('starlink countries list'!$C$2:$C$256,MATCH($B9,'starlink countries list'!$B$2:$B$256,0)) -> Available | D9: Japan | E9: =INDEX('Population and Broadband subs'!$D$12:$D$113,MATCH($D9,'Population and Broadband subs'!$A$12:$A$113,0)) -> 123400000 | F9: =INDEX('Population and Broadband subs'!$D$324:$D$425,MATCH($D9,'Population and Broadband subs'!$A$324:$A$425,0)) -> 53909050 | G9: =INDEX('penetration and ARPU'!$D$12:$D$113,MATCH($D9,'penetration and ARPU'!$A$12:$A$113,0)) -> 87.64 | H9: =INDEX('penetration and ARPU'!$D$1364:$D$1465,MATCH($D9,'penetration and ARPU'!$A$1364:$A$1465,0)) -> 24.66 | I9: =IFERROR(INDEX('penetration and ARPU'!$D$1780:$D$1881,MATCH($D9,'penetration and ARPU'!$A$1780:$A$1881,0)),"n/a") -> 41.485826
B10: Korea, Republic of | C10: =INDEX('starlink countries list'!$C$2:$C$256,MATCH($B10,'starlink countries list'!$B$2:$B$256,0)) -> Available | D10: South Korea | E10: =INDEX('Population and Broadband subs'!$D$12:$D$113,MATCH($D10,'Population and Broadband subs'!$A$12:$A$113,0)) -> 51320000 | F10: =INDEX('Population and Broadband subs'!$D$324:$D$425,MATCH($D10,'Population and Broadband subs'!$A$324:$A$425,0)) -> 25060177 | G10: =INDEX('penetration and ARPU'!$D$12:$D$113,MATCH($D10,'penetration and ARPU'!$A$12:$A$113,0)) -> 112.57 | H10: =INDEX('penetration and ARPU'!$D$1364:$D$1465,MATCH($D10,'penetration and ARPU'!$A$1364:$A$1465,0)) -> 14.14 | I10: =IFERROR(INDEX('penetration and ARPU'!$D$1780:$D$1881,MATCH($D10,'penetration and ARPU'!$A$1780:$A$1881,0)),"n/a") -> NA
B11: Lao People's Democratic Republic | C11: =INDEX('starlink countries list'!$C$2:$C$256,MATCH($B11,'starlink countries list'!$B$2:$B$256,0)) -> Coming Soon | D11: Laos | E11: =INDEX('Population and Broadband subs'!$D$12:$D$113,MATCH($D11,'Population and Broadband subs'!$A$12:$A$113,0)) -> 7914207 | F11: =INDEX('Population and Broadband subs'!$D$324:$D$425,MATCH($D11,'Population and Broadband subs'!$A$324:$A$425,0)) -> 271294 | G11: =INDEX('penetration and ARPU'!$D$12:$D$113,MATCH($D11,'penetration and ARPU'!$A$12:$A$113,0)) -> 18.44 | H11: =INDEX('penetration and ARPU'!$D$1364:$D$1465,MATCH($D11,'penetration and ARPU'!$A$1364:$A$1465,0)) -> 15.25 | I11: =IFERROR(INDEX('penetration and ARPU'!$D$1780:$D$1881,MATCH($D11,'penetration and ARPU'!$A$1780:$A$1881,0)),"n/a") -> NA
B12: Malaysia | C12: =INDEX('starlink countries list'!$C$2:$C$256,MATCH($B12,'starlink countries list'!$B$2:$B$256,0)) -> Available | D12: Malaysia | E12: =INDEX('Population and Broadband subs'!$D$12:$D$113,MATCH($D12,'Population and Broadband subs'!$A$12:$A$113,0)) -> 36120000 | F12: =INDEX('Population and Broadband subs'!$D$324:$D$425,MATCH($D12,'Population and Broadband subs'!$A$324:$A$425,0)) -> 5273631 | G12: =INDEX('penetration and ARPU'!$D$12:$D$113,MATCH($D12,'penetration and ARPU'!$A$12:$A$113,0)) -> 55.9 | H12: =INDEX('penetration and ARPU'!$D$1364:$D$1465,MATCH($D12,'penetration and ARPU'!$A$1364:$A$1465,0)) -> 31.46 | I12: =IFERROR(INDEX('penetration and ARPU'!$D$1780:$D$1881,MATCH($D12,'penetration and ARPU'!$A$1780:$A$1881,0)),"n/a") -> 33.618076
B13: Myanmar | C13: =INDEX('starlink countries list'!$C$2:$C$256,MATCH($B13,'starlink countries list'!$B$2:$B$256,0)) -> Coming Soon | D13: Myanmar | E13: =INDEX('Population and Broadband subs'!$D$12:$D$113,MATCH($D13,'Population and Broadband subs'!$A$12:$A$113,0)) -> 55649307 | F13: =INDEX('Population and Broadband subs'!$D$324:$D$425,MATCH($D13,'Population and Broadband subs'!$A$324:$A$425,0)) -> 1440690 | G13: =INDEX('penetration and ARPU'!$D$12:$D$113,MATCH($D13,'penetration and ARPU'!$A$12:$A$113,0)) -> 12.17 | H13: =INDEX('penetration and ARPU'!$D$1364:$D$1465,MATCH($D13,'penetration and ARPU'!$A$1364:$A$1465,0)) -> 6.59 | I13: =IFERROR(INDEX('penetration and ARPU'!$D$1780:$D$1881,MATCH($D13,'penetration and ARPU'!$A$1780:$A$1881,0)),"n/a") -> 14.021602
B14: New Zealand | C14: =INDEX('starlink countries list'!$C$2:$C$256,MATCH($B14,'starlink countries list'!$B$2:$B$256,0)) -> Available | D14: New Zealand | E14: =INDEX('Population and Broadband subs'!$D$12:$D$113,MATCH($D14,'Population and Broadband subs'!$A$12:$A$113,0)) -> 5290000 | F14: =INDEX('Population and Broadband subs'!$D$324:$D$425,MATCH($D14,'Population and Broadband subs'!$A$324:$A$425,0)) -> 1648032 | G14: =INDEX('penetration and ARPU'!$D$12:$D$113,MATCH($D14,'penetration and ARPU'!$A$12:$A$113,0)) -> 91.95 | H14: =INDEX('penetration and ARPU'!$D$1364:$D$1465,MATCH($D14,'penetration and ARPU'!$A$1364:$A$1465,0)) -> 42.19 | I14: =IFERROR(INDEX('penetration and ARPU'!$D$1780:$D$1881,MATCH($D14,'penetration and ARPU'!$A$1780:$A$1881,0)),"n/a") -> 74.806329
B15: Philippines | C15: =INDEX('starlink countries list'!$C$2:$C$256,MATCH($B15,'starlink countries list'!$B$2:$B$256,0)) -> Available | D15: Philippines | E15: =INDEX('Population and Broadband subs'!$D$12:$D$113,MATCH($D15,'Population and Broadband subs'!$A$12:$A$113,0)) -> 119850000 | F15: =INDEX('Population and Broadband subs'!$D$324:$D$425,MATCH($D15,'Population and Broadband subs'!$A$324:$A$425,0)) -> 12651229 | G15: =INDEX('penetration and ARPU'!$D$12:$D$113,MATCH($D15,'penetration and ARPU'!$A$12:$A$113,0)) -> 44.16 | H15: =INDEX('penetration and ARPU'!$D$1364:$D$1465,MATCH($D15,'penetration and ARPU'!$A$1364:$A$1465,0)) -> 19.52 | I15: =IFERROR(INDEX('penetration and ARPU'!$D$1780:$D$1881,MATCH($D15,'penetration and ARPU'!$A$1780:$A$1881,0)),"n/a") -> 44.802737
B16: Singapore | C16: =INDEX('starlink countries list'!$C$2:$C$256,MATCH($B16,'starlink countries list'!$B$2:$B$256,0)) -> Available | D16: Singapore | E16: =INDEX('Population and Broadband subs'!$D$12:$D$113,MATCH($D16,'Population and Broadband subs'!$A$12:$A$113,0)) -> 5860000 | F16: =INDEX('Population and Broadband subs'!$D$324:$D$425,MATCH($D16,'Population and Broadband subs'!$A$324:$A$425,0)) -> 1527944 | G16: =INDEX('penetration and ARPU'!$D$12:$D$113,MATCH($D16,'penetration and ARPU'!$A$12:$A$113,0)) -> 102.13 | H16: =INDEX('penetration and ARPU'!$D$1364:$D$1465,MATCH($D16,'penetration and ARPU'!$A$1364:$A$1465,0)) -> 26.61 | I16: =IFERROR(INDEX('penetration and ARPU'!$D$1780:$D$1881,MATCH($D16,'penetration and ARPU'!$A$1780:$A$1881,0)),"n/a") -> NA
B17: Taiwan, Province of China | C17: =INDEX('starlink countries list'!$C$2:$C$256,MATCH($B17,'starlink countries list'!$B$2:$B$256,0)) -> Coming Soon | D17: Taiwan | E17: =INDEX('Population and Broadband subs'!$D$12:$D$113,MATCH($D17,'Population and Broadband subs'!$A$12:$A$113,0)) -> 23340000 | F17: =INDEX('Population and Broadband subs'!$D$324:$D$425,MATCH($D17,'Population and Broadband subs'!$A$324:$A$425,0)) -> 7347276 | G17: =INDEX('penetration and ARPU'!$D$12:$D$113,MATCH($D17,'penetration and ARPU'!$A$12:$A$113,0)) -> 76.61 | H17: =INDEX('penetration and ARPU'!$D$1364:$D$1465,MATCH($D17,'penetration and ARPU'!$A$1364:$A$1465,0)) -> 13.12 | I17: =IFERROR(INDEX('penetration and ARPU'!$D$1780:$D$1881,MATCH($D17,'penetration and ARPU'!$A$1780:$A$1881,0)),"n/a") -> NA
B18: Viet Nam | C18: =INDEX('starlink countries list'!$C$2:$C$256,MATCH($B18,'starlink countries list'!$B$2:$B$256,0)) -> Coming Soon | D18: Vietnam | E18: =INDEX('Population and Broadband subs'!$D$12:$D$113,MATCH($D18,'Population and Broadband subs'!$A$12:$A$113,0)) -> 101800000 | F18: =INDEX('Population and Broadband subs'!$D$324:$D$425,MATCH($D18,'Population and Broadband subs'!$A$324:$A$425,0)) -> 24897638 | G18: =INDEX('penetration and ARPU'!$D$12:$D$113,MATCH($D18,'penetration and ARPU'!$A$12:$A$113,0)) -> 84.02 | H18: =INDEX('penetration and ARPU'!$D$1364:$D$1465,MATCH($D18,'penetration and ARPU'!$A$1364:$A$1465,0)) -> 9.22 | I18: =IFERROR(INDEX('penetration and ARPU'!$D$1780:$D$1881,MATCH($D18,'penetration and ARPU'!$A$1780:$A$1881,0)),"n/a") -> 0
A20: Eastern Europe
B21: Bulgaria | C21: =INDEX('starlink countries list'!$C$2:$C$256,MATCH($B21,'starlink countries list'!$B$2:$B$256,0)) -> Available | D21: Bulgaria | E21: =INDEX('Population and Broadband subs'!$D$12:$D$113,MATCH($D21,'Population and Broadband subs'!$A$12:$A$113,0)) -> 6630000 | F21: =INDEX('Population and Broadband subs'!$D$324:$D$425,MATCH($D21,'Population and Broadband subs'!$A$324:$A$425,0)) -> 2686193 | G21: =INDEX('penetration and ARPU'!$D$12:$D$113,MATCH($D21,'penetration and ARPU'!$A$12:$A$113,0)) -> 93.65 | H21: =INDEX('penetration and ARPU'!$D$1364:$D$1465,MATCH($D21,'penetration and ARPU'!$A$1364:$A$1465,0)) -> NA | I21: =IFERROR(INDEX('penetration and ARPU'!$D$1780:$D$1881,MATCH($D21,'penetration and ARPU'!$A$1780:$A$1881,0)),"n/a") -> NA
B22: Croatia | C22: =INDEX('starlink countries list'!$C$2:$C$256,MATCH($B22,'starlink countries list'!$B$2:$B$256,0)) -> Available | D22: Croatia | E22: =INDEX('Population and Broadband subs'!$D$12:$D$113,MATCH($D22,'Population and Broadband subs'!$A$12:$A$113,0)) -> 3940000 | F22: =INDEX('Population and Broadband subs'!$D$324:$D$425,MATCH($D22,'Population and Broadband subs'!$A$324:$A$425,0)) -> 1204292 | G22: =INDEX('penetration and ARPU'!$D$12:$D$113,MATCH($D22,'penetration and ARPU'!$A$12:$A$113,0)) -> 81.66 | H22: =INDEX('penetration and ARPU'!$D$1364:$D$1465,MATCH($D22,'penetration and ARPU'!$A$1364:$A$1465,0)) -> 18.11 | I22: =IFERROR(INDEX('penetration and ARPU'!$D$1780:$D$1881,MATCH($D22,'penetration and ARPU'!$A$1780:$A$1881,0)),"n/a") -> NA
B23: Czechia | C23: =INDEX('starlink countries list'!$C$2:$C$256,MATCH($B23,'starlink countries list'!$B$2:$B$256,0)) -> Available | D23: Czechia | E23: =INDEX('Population and Broadband subs'!$D$12:$D$113,MATCH($D23,'Population and Broadband subs'!$A$12:$A$113,0)) -> 10530000 | F23: =INDEX('Population and Broadband subs'!$D$324:$D$425,MATCH($D23,'Population and Broadband subs'!$A$324:$A$425,0)) -> 3720133 | G23: =INDEX('penetration and ARPU'!$D$12:$D$113,MATCH($D23,'penetration and ARPU'!$A$12:$A$113,0)) -> 80.95 | H23: =INDEX('penetration and ARPU'!$D$1364:$D$1465,MATCH($D23,'penetration and ARPU'!$A$1364:$A$1465,0)) -> NA | I23: =IFERROR(INDEX('penetration and ARPU'!$D$1780:$D$1881,MATCH($D23,'penetration and ARPU'!$A$1780:$A$1881,0)),"n/a") -> NA
B24: Estonia | C24: =INDEX('starlink countries list'!$C$2:$C$256,MATCH($B24,'starlink countries list'!$B$2:$B$256,0)) -> Available | D24: Estonia | E24: =INDEX('Population and Broadband subs'!$D$12:$D$113,MATCH($D24,'Population and Broadband subs'!$A$12:$A$113,0)) -> 1330000 | F24: =INDEX('Population and Broadband subs'!$D$324:$D$425,MATCH($D24,'Population and Broadband subs'!$A$324:$A$425,0)) -> 498071 | G24: =INDEX('penetration and ARPU'!$D$12:$D$113,MATCH($D24,'penetration and ARPU'!$A$12:$A$113,0)) -> 75.45 | H24: =INDEX('penetration and ARPU'!$D$1364:$D$1465,MATCH($D24,'penetration and ARPU'!$A$1364:$A$1465,0)) -> NA | I24: =IFERROR(INDEX('penetration and ARPU'!$D$1780:$D$1881,MATCH($D24,'penetration and ARPU'!$A$1780:$A$1881,0)),"n/a") -> NA
B25: Hungary | C25: =INDEX('starlink countries list'!$C$2:$C$256,MATCH($B25,'starlink countries list'!$B$2:$B$256,0)) -> Available | D25: Hungary | E25: =INDEX('Population and Broadband subs'!$D$12:$D$113,MATCH($D25,'Population and Broadband subs'!$A$12:$A$113,0)) -> 9590000 | F25: =INDEX('Population and Broadband subs'!$D$324:$D$425,MATCH($D25,'Population and Broadband subs'!$A$324:$A$425,0)) -> 3508829 | G25: =INDEX('penetration and ARPU'!$D$12:$D$113,MATCH($D25,'penetration and ARPU'!$A$12:$A$113,0)) -> 86.79 | H25: =INDEX('penetration and ARPU'!$D$1364:$D$1465,MATCH($D25,'penetration and ARPU'!$A$1364:$A$1465,0)) -> NA | I25: =IFERROR(INDEX('penetration and ARPU'!$D$1780:$D$1881,MATCH($D25,'penetration and ARPU'!$A$1780:$A$1881,0)),"n/a") -> NA
B26: Latvia | C26: =INDEX('starlink countries list'!$C$2:$C$256,MATCH($B26,'starlink countries list'!$B$2:$B$256,0)) -> Available | D26: Latvia | E26: =INDEX('Population and Broadband subs'!$D$12:$D$113,MATCH($D26,'Population and Broadband subs'!$A$12:$A$113,0)) -> 1840000 | F26: =INDEX('Population and Broadband subs'!$D$324:$D$425,MATCH($D26,'Population and Broadband subs'!$A$324:$A$425,0)) -> 479552 | G26: =INDEX('penetration and ARPU'!$D$12:$D$113,MATCH($D26,'penetration and ARPU'!$A$12:$A$113,0)) -> 56.94 | H26: =INDEX('penetration and ARPU'!$D$1364:$D$1465,MATCH($D26,'penetration and ARPU'!$A$1364:$A$1465,0)) -> NA | I26: =IFERROR(INDEX('penetration and ARPU'!$D$1780:$D$1881,MATCH($D26,'penetration and ARPU'!$A$1780:$A$1881,0)),"n/a") -> NA
B27: Lithuania | C27: =INDEX('starlink countries list'!$C$2:$C$256,MATCH($B27,'starlink countries list'!$B$2:$B$256,0)) -> Available | D27: Lithuania | E27: =INDEX('Population and Broadband subs'!$D$12:$D$113,MATCH($D27,'Population and Broadband subs'!$A$12:$A$113,0)) -> 2650000 | F27: =INDEX('Population and Broadband subs'!$D$324:$D$425,MATCH($D27,'Population and Broadband subs'!$A$324:$A$425,0)) -> 779389 | G27: =INDEX('penetration and ARPU'!$D$12:$D$113,MATCH($D27,'penetration and ARPU'!$A$12:$A$113,0)) -> 44.72 | H27: =INDEX('penetration and ARPU'!$D$1364:$D$1465,MATCH($D27,'penetration and ARPU'!$A$1364:$A$1465,0)) -> NA | I27: =IFERROR(INDEX('penetration and ARPU'!$D$1780:$D$1881,MATCH($D27,'penetration and ARPU'!$A$1780:$A$1881,0)),"n/a") -> NA
B28: Poland | C28: =INDEX('starlink countries list'!$C$2:$C$256,MATCH($B28,'starlink countries list'!$B$2:$B$256,0)) -> Available | D28: Poland | E28: =INDEX('Population and Broadband subs'!$D$12:$D$113,MATCH($D28,'Population and Broadband subs'!$A$12:$A$113,0)) -> 37420000 | F28: =INDEX('Population and Broadband subs'!$D$324:$D$425,MATCH($D28,'Population and Broadband subs'!$A$324:$A$425,0)) -> 10421021 | G28: =INDEX('penetration and ARPU'!$D$12:$D$113,MATCH($D28,'penetration and ARPU'!$A$12:$A$113,0)) -> 67.6 | H28: =INDEX('penetration and ARPU'!$D$1364:$D$1465,MATCH($D28,'penetration and ARPU'!$A$1364:$A$1465,0)) -> 12.79 | I28: =IFERROR(INDEX('penetration and ARPU'!$D$1780:$D$1881,MATCH($D28,'penetration and ARPU'!$A$1780:$A$1881,0)),"n/a") -> NA
B29: Romania | C29: =INDEX('starlink countries list'!$C$2:$C$256,MATCH($B29,'starlink countries list'!$B$2:$B$256,0)) -> Available | D29: Romania | E29: =INDEX('Population and Broadband subs'!$D$12:$D$113,MATCH($D29,'Population and Broadband subs'!$A$12:$A$113,0)) -> 18800000 | F29: =INDEX('Population and Broadband subs'!$D$324:$D$425,MATCH($D29,'Population and Broadband subs'!$A$324:$A$425,0)) -> 7148437 | G29: =INDEX('penetration and ARPU'!$D$12:$D$113,MATCH($D29,'penetration and ARPU'!$A$12:$A$113,0)) -> 89.83 | H29: =INDEX('penetration and ARPU'!$D$1364:$D$1465,MATCH($D29,'penetration and ARPU'!$A$1364:$A$1465,0)) -> NA | I29: =IFERROR(INDEX('penetration and ARPU'!$D$1780:$D$1881,MATCH($D29,'penetration and ARPU'!$A$1780:$A$1881,0)),"n/a") -> NA
B30: Serbia | C30: =INDEX('starlink countries list'!$C$2:$C$256,MATCH($B30,'starlink countries list'!$B$2:$B$256,0)) -> Coming Soon | D30: Serbia | E30: =INDEX('Population and Broadband subs'!$D$12:$D$113,MATCH($D30,'Population and Broadband subs'!$A$12:$A$113,0)) -> 6490000 | F30: =INDEX('Population and Broadband subs'!$D$324:$D$425,MATCH($D30,'Population and Broadband subs'!$A$324:$A$425,0)) -> 2293279 | G30: =INDEX('penetration and ARPU'!$D$12:$D$113,MATCH($D30,'penetration and ARPU'!$A$12:$A$113,0)) -> 89.3 | H30: =INDEX('penetration and ARPU'!$D$1364:$D$1465,MATCH($D30,'penetration and ARPU'!$A$1364:$A$1465,0)) -> NA | I30: =IFERROR(INDEX('penetration and ARPU'!$D$1780:$D$1881,MATCH($D30,'penetration and ARPU'!$A$1780:$A$1881,0)),"n/a") -> NA
B31: Slovakia | C31: =INDEX('starlink countries list'!$C$2:$C$256,MATCH($B31,'starlink countries list'!$B$2:$B$256,0)) -> Available | D31: Slovakia | E31: =INDEX('Population and Broadband subs'!$D$12:$D$113,MATCH($D31,'Population and Broadband subs'!$A$12:$A$113,0)) -> 5440000 | F31: =INDEX('Population and Broadband subs'!$D$324:$D$425,MATCH($D31,'Population and Broadband subs'!$A$324:$A$425,0)) -> 1759589 | G31: =INDEX('penetration and ARPU'!$D$12:$D$113,MATCH($D31,'penetration and ARPU'!$A$12:$A$113,0)) -> 97.15 | H31: =INDEX('penetration and ARPU'!$D$1364:$D$1465,MATCH($D31,'penetration and ARPU'!$A$1364:$A$1465,0)) -> 0 | I31: =IFERROR(INDEX('penetration and ARPU'!$D$1780:$D$1881,MATCH($D31,'penetration and ARPU'!$A$1780:$A$1881,0)),"n/a") -> NA
B32: Slovenia | C32: =INDEX('starlink countries list'!$C$2:$C$256,MATCH($B32,'starlink countries list'!$B$2:$B$256,0)) -> Available | D32: Slovenia | E32: =INDEX('Population and Broadband subs'!$D$12:$D$113,MATCH($D32,'Population and Broadband subs'!$A$12:$A$113,0)) -> 2120000 | F32: =INDEX('Population and Broadband subs'!$D$324:$D$425,MATCH($D32,'Population and Broadband subs'!$A$324:$A$425,0)) -> 773555 | G32: =INDEX('penetration and ARPU'!$D$12:$D$113,MATCH($D32,'penetration and ARPU'!$A$12:$A$113,0)) -> 89.73 | H32: =INDEX('penetration and ARPU'!$D$1364:$D$1465,MATCH($D32,'penetration and ARPU'!$A$1364:$A$1465,0)) -> NA | I32: =IFERROR(INDEX('penetration and ARPU'!$D$1780:$D$1881,MATCH($D32,'penetration and ARPU'!$A$1780:$A$1881,0)),"n/a") -> NA
B33: Türkiye | C33: =INDEX('starlink countries list'!$C$2:$C$256,MATCH("T*rkiye",'starlink countries list'!$B$2:$B$256,0)) -> Coming Soon | D33: Türkiye | E33: =INDEX('Population and Broadband subs'!$D$12:$D$113,MATCH($D33,'Population and Broadband subs'!$A$12:$A$113,0)) -> 87930000 | F33: =INDEX('Population and Broadband subs'!$D$324:$D$425,MATCH($D33,'Population and Broadband subs'!$A$324:$A$425,0)) -> 24574121 | G33: =INDEX('penetration and ARPU'!$D$12:$D$113,MATCH($D33,'penetration and ARPU'!$A$12:$A$113,0)) -> 82.44 | H33: =INDEX('penetration and ARPU'!$D$1364:$D$1465,MATCH($D33,'penetration and ARPU'!$A$1364:$A$1465,0)) -> NA | I33: =IFERROR(INDEX('penetration and ARPU'!$D$1780:$D$1881,MATCH($D33,'penetration and ARPU'!$A$1780:$A$1881,0)),"n/a") -> NA
A35: Latin America and Caribbean
B36: Argentina | C36: =INDEX('starlink countries list'!$C$2:$C$256,MATCH($B36,'starlink countries list'!$B$2:$B$256,0)) -> Available | D36: Argentina | E36: =INDEX('Population and Broadband subs'!$D$12:$D$113,MATCH($D36,'Population and Broadband subs'!$A$12:$A$113,0)) -> 46000000 | F36: =INDEX('Population and Broadband subs'!$D$324:$D$425,MATCH($D36,'Population and Broadband subs'!$A$324:$A$425,0)) -> 12739593 | G36: =INDEX('penetration and ARPU'!$D$12:$D$113,MATCH($D36,'penetration and ARPU'!$A$12:$A$113,0)) -> 78.77 | H36: =INDEX('penetration and ARPU'!$D$1364:$D$1465,MATCH($D36,'penetration and ARPU'!$A$1364:$A$1465,0)) -> 17.34 | I36: =IFERROR(INDEX('penetration and ARPU'!$D$1780:$D$1881,MATCH($D36,'penetration and ARPU'!$A$1780:$A$1881,0)),"n/a") -> NA
B37: Bahamas | C37: =INDEX('starlink countries list'!$C$2:$C$256,MATCH($B37,'starlink countries list'!$B$2:$B$256,0)) -> Available | D37: Bahamas | E37: =INDEX('Population and Broadband subs'!$D$12:$D$113,MATCH($D37,'Population and Broadband subs'!$A$12:$A$113,0)) -> 429905 | F37: =INDEX('Population and Broadband subs'!$D$324:$D$425,MATCH($D37,'Population and Broadband subs'!$A$324:$A$425,0)) -> 77435 | G37: =INDEX('penetration and ARPU'!$D$12:$D$113,MATCH($D37,'penetration and ARPU'!$A$12:$A$113,0)) -> 59.54 | H37: =INDEX('penetration and ARPU'!$D$1364:$D$1465,MATCH($D37,'penetration and ARPU'!$A$1364:$A$1465,0)) -> NA | I37: =IFERROR(INDEX('penetration and ARPU'!$D$1780:$D$1881,MATCH($D37,'penetration and ARPU'!$A$1780:$A$1881,0)),"n/a") -> NA
B38: Barbados | C38: =INDEX('starlink countries list'!$C$2:$C$256,MATCH($B38,'starlink countries list'!$B$2:$B$256,0)) -> Available | D38: Barbados | E38: =INDEX('Population and Broadband subs'!$D$12:$D$113,MATCH($D38,'Population and Broadband subs'!$A$12:$A$113,0)) -> 291453 | F38: =INDEX('Population and Broadband subs'!$D$324:$D$425,MATCH($D38,'Population and Broadband subs'!$A$324:$A$425,0)) -> 97018 | G38: =INDEX('penetration and ARPU'!$D$12:$D$113,MATCH($D38,'penetration and ARPU'!$A$12:$A$113,0)) -> 86.64 | H38: =INDEX('penetration and ARPU'!$D$1364:$D$1465,MATCH($D38,'penetration and ARPU'!$A$1364:$A$1465,0)) -> NA | I38: =IFERROR(INDEX('penetration and ARPU'!$D$1780:$D$1881,MATCH($D38,'penetration and ARPU'!$A$1780:$A$1881,0)),"n/a") -> NA
B39: Bolivia, Plurinational State of | C39: =INDEX('starlink countries list'!$C$2:$C$256,MATCH($B39,'starlink countries list'!$B$2:$B$256,0)) -> Available | D39: Bolivia | E39: =INDEX('Population and Broadband subs'!$D$12:$D$113,MATCH($D39,'Population and Broadband subs'!$A$12:$A$113,0)) -> 12630000 | F39: =INDEX('Population and Broadband subs'!$D$324:$D$425,MATCH($D39,'Population and Broadband subs'!$A$324:$A$425,0)) -> 1589668 | G39: =INDEX('penetration and ARPU'!$D$12:$D$113,MATCH($D39,'penetration and ARPU'!$A$12:$A$113,0)) -> 37.15 | H39: =INDEX('penetration and ARPU'!$D$1364:$D$1465,MATCH($D39,'penetration and ARPU'!$A$1364:$A$1465,0)) -> NA | I39: =IFERROR(INDEX('penetration and ARPU'!$D$1780:$D$1881,MATCH($D39,'penetration and ARPU'!$A$1780:$A$1881,0)),"n/a") -> NA
B40: Brazil | C40: =INDEX('starlink countries list'!$C$2:$C$256,MATCH($B40,'starlink countries list'!$B$2:$B$256,0)) -> Available | D40: Brazil | E40: =INDEX('Population and Broadband subs'!$D$12:$D$113,MATCH($D40,'Population and Broadband subs'!$A$12:$A$113,0)) -> 213560000 | F40: =INDEX('Population and Broadband subs'!$D$324:$D$425,MATCH($D40,'Population and Broadband subs'!$A$324:$A$425,0)) -> 50287033 | G40: =INDEX('penetration and ARPU'!$D$12:$D$113,MATCH($D40,'penetration and ARPU'!$A$12:$A$113,0)) -> 65.84 | H40: =INDEX('penetration and ARPU'!$D$1364:$D$1465,MATCH($D40,'penetration and ARPU'!$A$1364:$A$1465,0)) -> 17.81 | I40: =IFERROR(INDEX('penetration and ARPU'!$D$1780:$D$1881,MATCH($D40,'penetration and ARPU'!$A$1780:$A$1881,0)),"n/a") -> 36.323708
B41: Chile | C41: =INDEX('starlink countries list'!$C$2:$C$256,MATCH($B41,'starlink countries list'!$B$2:$B$256,0)) -> Available | D41: Chile | E41: =INDEX('Population and Broadband subs'!$D$12:$D$113,MATCH($D41,'Population and Broadband subs'!$A$12:$A$113,0)) -> 19950000 | F41: =INDEX('Population and Broadband subs'!$D$324:$D$425,MATCH($D41,'Population and Broadband subs'!$A$324:$A$425,0)) -> 4553468 | G41: =INDEX('penetration and ARPU'!$D$12:$D$113,MATCH($D41,'penetration and ARPU'!$A$12:$A$113,0)) -> 74.08 | H41: =INDEX('penetration and ARPU'!$D$1364:$D$1465,MATCH($D41,'penetration and ARPU'!$A$1364:$A$1465,0)) -> 17.51 | I41: =IFERROR(INDEX('penetration and ARPU'!$D$1780:$D$1881,MATCH($D41,'penetration and ARPU'!$A$1780:$A$1881,0)),"n/a") -> NA
B42: Colombia | C42: =INDEX('starlink countries list'!$C$2:$C$256,MATCH($B42,'starlink countries list'!$B$2:$B$256,0)) -> Available | D42: Colombia | E42: =INDEX('Population and Broadband subs'!$D$12:$D$113,MATCH($D42,'Population and Broadband subs'!$A$12:$A$113,0)) -> 52900000 | F42: =INDEX('Population and Broadband subs'!$D$324:$D$425,MATCH($D42,'Population and Broadband subs'!$A$324:$A$425,0)) -> 9074736 | G42: =INDEX('penetration and ARPU'!$D$12:$D$113,MATCH($D42,'penetration and ARPU'!$A$12:$A$113,0)) -> 47.11 | H42: =INDEX('penetration and ARPU'!$D$1364:$D$1465,MATCH($D42,'penetration and ARPU'!$A$1364:$A$1465,0)) -> 13.09 | I42: =IFERROR(INDEX('penetration and ARPU'!$D$1780:$D$1881,MATCH($D42,'penetration and ARPU'!$A$1780:$A$1881,0)),"n/a") -> NA
B43: Costa Rica | C43: =INDEX('starlink countries list'!$C$2:$C$256,MATCH($B43,'starlink countries list'!$B$2:$B$256,0)) -> Available | D43: Costa Rica | E43: =INDEX('Population and Broadband subs'!$D$12:$D$113,MATCH($D43,'Population and Broadband subs'!$A$12:$A$113,0)) -> 5170000 | F43: =INDEX('Population and Broadband subs'!$D$324:$D$425,MATCH($D43,'Population and Broadband subs'!$A$324:$A$425,0)) -> 1423540 | G43: =INDEX('penetration and ARPU'!$D$12:$D$113,MATCH($D43,'penetration and ARPU'!$A$12:$A$113,0)) -> 82.56 | H43: =INDEX('penetration and ARPU'!$D$1364:$D$1465,MATCH($D43,'penetration and ARPU'!$A$1364:$A$1465,0)) -> 29.56 | I43: =IFERROR(INDEX('penetration and ARPU'!$D$1780:$D$1881,MATCH($D43,'penetration and ARPU'!$A$1780:$A$1881,0)),"n/a") -> NA
B44: Dominican Republic | C44: =INDEX('starlink countries list'!$C$2:$C$256,MATCH($B44,'starlink countries list'!$B$2:$B$256,0)) -> Available | D44: Dominican Republic | E44: =INDEX('Population and Broadband subs'!$D$12:$D$113,MATCH($D44,'Population and Broadband subs'!$A$12:$A$113,0)) -> 10954360 | F44: =INDEX('Population and Broadband subs'!$D$324:$D$425,MATCH($D44,'Population and Broadband subs'!$A$324:$A$425,0)) -> 1375487 | G44: =INDEX('penetration and ARPU'!$D$12:$D$113,MATCH($D44,'penetration and ARPU'!$A$12:$A$113,0)) -> 37.35 | H44: =INDEX('penetration and ARPU'!$D$1364:$D$1465,MATCH($D44,'penetration and ARPU'!$A$1364:$A$1465,0)) -> 18.97 | I44: =IFERROR(INDEX('penetration and ARPU'!$D$1780:$D$1881,MATCH($D44,'penetration and ARPU'!$A$1780:$A$1881,0)),"n/a") -> NA
B45: Ecuador | C45: =INDEX('starlink countries list'!$C$2:$C$256,MATCH($B45,'starlink countries list'!$B$2:$B$256,0)) -> Available | D45: Ecuador | E45: =INDEX('Population and Broadband subs'!$D$12:$D$113,MATCH($D45,'Population and Broadband subs'!$A$12:$A$113,0)) -> 18440 | F45: =INDEX('Population and Broadband subs'!$D$324:$D$425,MATCH($D45,'Population and Broadband subs'!$A$324:$A$425,0)) -> 3409422 | G45: =INDEX('penetration and ARPU'!$D$12:$D$113,MATCH($D45,'penetration and ARPU'!$A$12:$A$113,0)) -> 63.59 | H45: =INDEX('penetration and ARPU'!$D$1364:$D$1465,MATCH($D45,'penetration and ARPU'!$A$1364:$A$1465,0)) -> NA | I45: =IFERROR(INDEX('penetration and ARPU'!$D$1780:$D$1881,MATCH($D45,'penetration and ARPU'!$A$1780:$A$1881,0)),"n/a") -> NA
B46: El Salvador | C46: =INDEX('starlink countries list'!$C$2:$C$256,MATCH($B46,'starlink countries list'!$B$2:$B$256,0)) -> Available | D46: El Salvador | E46: =INDEX('Population and Broadband subs'!$D$12:$D$113,MATCH($D46,'Population and Broadband subs'!$A$12:$A$113,0)) -> 6390000 | F46: =INDEX('Population and Broadband subs'!$D$324:$D$425,MATCH($D46,'Population and Broadband subs'!$A$324:$A$425,0)) -> 769790 | G46: =INDEX('penetration and ARPU'!$D$12:$D$113,MATCH($D46,'penetration and ARPU'!$A$12:$A$113,0)) -> 36.44 | H46: =INDEX('penetration and ARPU'!$D$1364:$D$1465,MATCH($D46,'penetration and ARPU'!$A$1364:$A$1465,0)) -> NA | I46: =IFERROR(INDEX('penetration and ARPU'!$D$1780:$D$1881,MATCH($D46,'penetration and ARPU'!$A$1780:$A$1881,0)),"n/a") -> NA
B47: Guatemala | C47: =INDEX('starlink countries list'!$C$2:$C$256,MATCH($B47,'starlink countries list'!$B$2:$B$256,0)) -> Available | D47: Guatemala | E47: =INDEX('Population and Broadband subs'!$D$12:$D$113,MATCH($D47,'Population and Broadband subs'!$A$12:$A$113,0)) -> 18970000 | F47: =INDEX('Population and Broadband subs'!$D$324:$D$425,MATCH($D47,'Population and Broadband subs'!$A$324:$A$425,0)) -> 1123968 | G47: =INDEX('penetration and ARPU'!$D$12:$D$113,MATCH($D47,'penetration and ARPU'!$A$12:$A$113,0)) -> 27.02 | H47: =INDEX('penetration and ARPU'!$D$1364:$D$1465,MATCH($D47,'penetration and ARPU'!$A$1364:$A$1465,0)) -> 20.31 | I47: =IFERROR(INDEX('penetration and ARPU'!$D$1780:$D$1881,MATCH($D47,'penetration and ARPU'!$A$1780:$A$1881,0)),"n/a") -> NA
... B58: Venezuela, Bolivarian Republic of | C58: =INDEX('starlink countries list'!$C$2:$C$256,MATCH($B58,'starlink countries list'!$B$2:$B$256,0)) -> Available | D58: Venezuela | E58: =INDEX('Population and Broadband subs'!$D$12:$D$113,MATCH($D58,'Population and Broadband subs'!$A$12:$A$113,0)) -> 30420000 | F58: =INDEX('Population and Broadband subs'!$D$324:$D$425,MATCH($D58,'Population and Broadband subs'!$A$324:$A$425,0)) -> 2033761 | G58: =INDEX('penetration and ARPU'!$D$12:$D$113,MATCH($D58,'penetration and ARPU'!$A$12:$A$113,0)) -> 27.1 | H58: =INDEX('penetration and ARPU'!$D$1364:$D$1465,MATCH($D58,'penetration and ARPU'!$A$1364:$A$1465,0)) -> NA | I58: =IFERROR(INDEX('penetration and ARPU'!$D$1780:$D$1881,MATCH($D58,'penetration and ARPU'!$A$1780:$A$1881,0)),"n/a") -> NA
A60: Middle East and Africa
B61: Bahrain | C61: =INDEX('starlink countries list'!$C$2:$C$256,MATCH($B61,'starlink countries list'!$B$2:$B$256,0)) -> Available | D61: Bahrain | E61: =INDEX('Population and Broadband subs'!$D$12:$D$113,MATCH($D61,'Population and Broadband subs'!$A$12:$A$113,0)) -> 1720000 | F61: =INDEX('Population and Broadband subs'!$D$324:$D$425,MATCH($D61,'Population and Broadband subs'!$A$324:$A$425,0)) -> 173714 | G61: =INDEX('penetration and ARPU'!$D$12:$D$113,MATCH($D61,'penetration and ARPU'!$A$12:$A$113,0)) -> 95.83 | H61: =INDEX('penetration and ARPU'!$D$1364:$D$1465,MATCH($D61,'penetration and ARPU'!$A$1364:$A$1465,0)) -> NA | I61: =IFERROR(INDEX('penetration and ARPU'!$D$1780:$D$1881,MATCH($D61,'penetration and ARPU'!$A$1780:$A$1881,0)),"n/a") -> NA
B62: Iraq | C62: =INDEX('starlink countries list'!$C$2:$C$256,MATCH($B62,'starlink countries list'!$B$2:$B$256,0)) -> Coming Soon | D62: Iraq | E62: =INDEX('Population and Broadband subs'!$D$12:$D$113,MATCH($D62,'Population and Broadband subs'!$A$12:$A$113,0)) -> 45920000 | F62: =INDEX('Population and Broadband subs'!$D$324:$D$425,MATCH($D62,'Population and Broadband subs'!$A$324:$A$425,0)) -> 1058822 | G62: =INDEX('penetration and ARPU'!$D$12:$D$113,MATCH($D62,'penetration and ARPU'!$A$12:$A$113,0)) -> 15.37 | H62: =INDEX('penetration and ARPU'!$D$1364:$D$1465,MATCH($D62,'penetration and ARPU'!$A$1364:$A$1465,0)) -> NA | I62: =IFERROR(INDEX('penetration and ARPU'!$D$1780:$D$1881,MATCH($D62,'penetration and ARPU'!$A$1780:$A$1881,0)),"n/a") -> NA
B63: Israel | C63: =INDEX('starlink countries list'!$C$2:$C$256,MATCH($B63,'starlink countries list'!$B$2:$B$256,0)) -> Available | D63: Israel | E63: =INDEX('Population and Broadband subs'!$D$12:$D$113,MATCH($D63,'Population and Broadband subs'!$A$12:$A$113,0)) -> 9590000 | F63: =INDEX('Population and Broadband subs'!$D$324:$D$425,MATCH($D63,'Population and Broadband subs'!$A$324:$A$425,0)) -> 3055052 | G63: =INDEX('penetration and ARPU'!$D$12:$D$113,MATCH($D63,'penetration and ARPU'!$A$12:$A$113,0)) -> 96.78 | H63: =INDEX('penetration and ARPU'!$D$1364:$D$1465,MATCH($D63,'penetration and ARPU'!$A$1364:$A$1465,0)) -> NA | I63: =IFERROR(INDEX('penetration and ARPU'!$D$1780:$D$1881,MATCH($D63,'penetration and ARPU'!$A$1780:$A$1881,0)),"n/a") -> NA
B64: Jordan | C64: =INDEX('starlink countries list'!$C$2:$C$256,MATCH($B64,'starlink countries list'!$B$2:$B$256,0)) -> Available | D64: Jordan | E64: =INDEX('Population and Broadband subs'!$D$12:$D$113,MATCH($D64,'Population and Broadband subs'!$A$12:$A$113,0)) -> 12250000 | F64: =INDEX('Population and Broadband subs'!$D$324:$D$425,MATCH($D64,'Population and Broadband subs'!$A$324:$A$425,0)) -> 913699 | G64: =INDEX('penetration and ARPU'!$D$12:$D$113,MATCH($D64,'penetration and ARPU'!$A$12:$A$113,0)) -> 62 | H64: =INDEX('penetration and ARPU'!$D$1364:$D$1465,MATCH($D64,'penetration and ARPU'!$A$1364:$A$1465,0)) -> NA | I64: =IFERROR(INDEX('penetration and ARPU'!$D$1780:$D$1881,MATCH($D64,'penetration and ARPU'!$A$1780:$A$1881,0)),"n/a") -> NA
B65: Kenya | C65: =INDEX('starlink countries list'!$C$2:$C$256,MATCH($B65,'starlink countries list'!$B$2:$B$256,0)) -> Available | D65: Kenya | E65: =INDEX('Population and Broadband subs'!$D$12:$D$113,MATCH($D65,'Population and Broadband subs'!$A$12:$A$113,0)) -> NA | F65: =INDEX('Population and Broadband subs'!$D$324:$D$425,MATCH($D65,'Population and Broadband subs'!$A$324:$A$425,0)) -> NA | G65: =INDEX('penetration and ARPU'!$D$12:$D$113,MATCH($D65,'penetration and ARPU'!$A$12:$A$113,0)) -> NA | H65: =INDEX('penetration and ARPU'!$D$1364:$D$1465,MATCH($D65,'penetration and ARPU'!$A$1364:$A$1465,0)) -> NA | I65: =IFERROR(INDEX('penetration and ARPU'!$D$1780:$D$1881,MATCH($D65,'penetration and ARPU'!$A$1780:$A$1881,0)),"n/a") -> NA
B66: Kuwait | C66: =INDEX('starlink countries list'!$C$2:$C$256,MATCH($B66,'starlink countries list'!$B$2:$B$256,0)) -> Available | D66: Kuwait | E66: =INDEX('Population and Broadband subs'!$D$12:$D$113,MATCH($D66,'Population and Broadband subs'!$A$12:$A$113,0)) -> 4780000 | F66: =INDEX('Population and Broadband subs'!$D$324:$D$425,MATCH($D66,'Population and Broadband subs'!$A$324:$A$425,0)) -> 507062 | G66: =INDEX('penetration and ARPU'!$D$12:$D$113,MATCH($D66,'penetration and ARPU'!$A$12:$A$113,0)) -> 44.29 | H66: =INDEX('penetration and ARPU'!$D$1364:$D$1465,MATCH($D66,'penetration and ARPU'!$A$1364:$A$1465,0)) -> NA | I66: =IFERROR(INDEX('penetration and ARPU'!$D$1780:$D$1881,MATCH($D66,'penetration and ARPU'!$A$1780:$A$1881,0)),"n/a") -> NA
B67: Lebanon | C67: =INDEX('starlink countries list'!$C$2:$C$256,MATCH($B67,'starlink countries list'!$B$2:$B$256,0)) -> Coming Soon | D67: Lebanon | E67: =INDEX('Population and Broadband subs'!$D$12:$D$113,MATCH($D67,'Population and Broadband subs'!$A$12:$A$113,0)) -> 6890000 | F67: =INDEX('Population and Broadband subs'!$D$324:$D$425,MATCH($D67,'Population and Broadband subs'!$A$324:$A$425,0)) -> 1012746 | G67: =INDEX('penetration and ARPU'!$D$12:$D$113,MATCH($D67,'penetration and ARPU'!$A$12:$A$113,0)) -> 68.09 | H67: =INDEX('penetration and ARPU'!$D$1364:$D$1465,MATCH($D67,'penetration and ARPU'!$A$1364:$A$1465,0)) -> NA | I67: =IFERROR(INDEX('penetration and ARPU'!$D$1780:$D$1881,MATCH($D67,'penetration and ARPU'!$A$1780:$A$1881,0)),"n/a") -> NA
B68: Nigeria | C68: =INDEX('starlink countries list'!$C$2:$C$256,MATCH($B68,'starlink countries list'!$B$2:$B$256,0)) -> Available | D68: Nigeria | E68: =INDEX('Population and Broadband subs'!$D$12:$D$113,MATCH($D68,'Population and Broadband subs'!$A$12:$A$113,0)) -> NA | F68: =INDEX('Population and Broadband subs'!$D$324:$D$425,MATCH($D68,'Population and Broadband subs'!$A$324:$A$425,0)) -> NA | G68: =INDEX('penetration and ARPU'!$D$12:$D$113,MATCH($D68,'penetration and ARPU'!$A$12:$A$113,0)) -> NA | H68: =INDEX('penetration and ARPU'!$D$1364:$D$1465,MATCH($D68,'penetration and ARPU'!$A$1364:$A$1465,0)) -> NA | I68: =IFERROR(INDEX('penetration and ARPU'!$D$1780:$D$1881,MATCH($D68,'penetration and ARPU'!$A$1780:$A$1881,0)),"n/a") -> NA
B69: Oman | C69: =INDEX('starlink countries list'!$C$2:$C$256,MATCH($B69,'starlink countries list'!$B$2:$B$256,0)) -> Available | D69: Oman | E69: =INDEX('Population and Broadband subs'!$D$12:$D$113,MATCH($D69,'Population and Broadband subs'!$A$12:$A$113,0)) -> 4880000 | F69: =INDEX('Population and Broadband subs'!$D$324:$D$425,MATCH($D69,'Population and Broadband subs'!$A$324:$A$425,0)) -> 601338 | G69: =INDEX('penetration and ARPU'!$D$12:$D$113,MATCH($D69,'penetration and ARPU'!$A$12:$A$113,0)) -> 79.47 | H69: =INDEX('penetration and ARPU'!$D$1364:$D$1465,MATCH($D69,'penetration and ARPU'!$A$1364:$A$1465,0)) -> NA | I69: =IFERROR(INDEX('penetration and ARPU'!$D$1780:$D$1881,MATCH($D69,'penetration and ARPU'!$A$1780:$A$1881,0)),"n/a") -> NA
B70: Palestinian Territories | C70: =INDEX('starlink countries list'!$C$2:$C$256,MATCH($B70,'starlink countries list'!$B$2:$B$256,0)) -> Coming Soon | D70: Palestine | E70: =INDEX('Population and Broadband subs'!$D$12:$D$113,MATCH($D70,'Population and Broadband subs'!$A$12:$A$113,0)) -> 5841654 | F70: =INDEX('Population and Broadband subs'!$D$324:$D$425,MATCH($D70,'Population and Broadband subs'!$A$324:$A$425,0)) -> 552351 | G70: =INDEX('penetration and ARPU'!$D$12:$D$113,MATCH($D70,'penetration and ARPU'!$A$12:$A$113,0)) -> 45.11 | H70: =INDEX('penetration and ARPU'!$D$1364:$D$1465,MATCH($D70,'penetration and ARPU'!$A$1364:$A$1465,0)) -> NA | I70: =IFERROR(INDEX('penetration and ARPU'!$D$1780:$D$1881,MATCH($D70,'penetration and ARPU'!$A$1780:$A$1881,0)),"n/a") -> NA
B71: Qatar | C71: =INDEX('starlink countries list'!$C$2:$C$256,MATCH($B71,'starlink countries list'!$B$2:$B$256,0)) -> Available | D71: Qatar | E71: =INDEX('Population and Broadband subs'!$D$12:$D$113,MATCH($D71,'Population and Broadband subs'!$A$12:$A$113,0)) -> 2780000 | F71: =INDEX('Population and Broadband subs'!$D$324:$D$425,MATCH($D71,'Population and Broadband subs'!$A$324:$A$425,0)) -> 333304 | G71: =INDEX('penetration and ARPU'!$D$12:$D$113,MATCH($D71,'penetration and ARPU'!$A$12:$A$113,0)) -> 97.57 | H71: =INDEX('penetration and ARPU'!$D$1364:$D$1465,MATCH($D71,'penetration and ARPU'!$A$1364:$A$1465,0)) -> NA | I71: =IFERROR(INDEX('penetration and ARPU'!$D$1780:$D$1881,MATCH($D71,'penetration and ARPU'!$A$1780:$A$1881,0)),"n/a") -> NA
B72: Saudi Arabia | C72: =INDEX('starlink countries list'!$C$2:$C$256,MATCH($B72,'starlink countries list'!$B$2:$B$256,0)) -> Coming Soon | D72: Saudi Arabia | E72: =INDEX('Population and Broadband subs'!$D$12:$D$113,MATCH($D72,'Population and Broadband subs'!$A$12:$A$113,0)) -> 39850000 | F72: =INDEX('Population and Broadband subs'!$D$324:$D$425,MATCH($D72,'Population and Broadband subs'!$A$324:$A$425,0)) -> 3210751 | G72: =INDEX('penetration and ARPU'!$D$12:$D$113,MATCH($D72,'penetration and ARPU'!$A$12:$A$113,0)) -> 51.74 | H72: =INDEX('penetration and ARPU'!$D$1364:$D$1465,MATCH($D72,'penetration and ARPU'!$A$1364:$A$1465,0)) -> NA | I72: =IFERROR(INDEX('penetration and ARPU'!$D$1780:$D$1881,MATCH($D72,'penetration and ARPU'!$A$1780:$A$1881,0)),"n/a") -> NA
... B75: Yemen | C75: =INDEX('starlink countries list'!$C$2:$C$256,MATCH($B75,'starlink countries list'!$B$2:$B$256,0)) -> Available | D75: Yemen | E75: =INDEX('Population and Broadband subs'!$D$12:$D$113,MATCH($D75,'Population and Broadband subs'!$A$12:$A$113,0)) -> 34800000 | F75: =INDEX('Population and Broadband subs'!$D$324:$D$425,MATCH($D75,'Population and Broadband subs'!$A$324:$A$425,0)) -> 884735 | G75: =INDEX('penetration and ARPU'!$D$12:$D$113,MATCH($D75,'penetration and ARPU'!$A$12:$A$113,0)) -> 15.18 | H75: =INDEX('penetration and ARPU'!$D$1364:$D$1465,MATCH($D75,'penetration and ARPU'!$A$1364:$A$1465,0)) -> NA | I75: =IFERROR(INDEX('penetration and ARPU'!$D$1780:$D$1881,MATCH($D75,'penetration and ARPU'!$A$1780:$A$1881,0)),"n/a") -> NA
A77: North America
B78: Canada | C78: =INDEX('starlink countries list'!$C$2:$C$256,MATCH($B78,'starlink countries list'!$B$2:$B$256,0)) -> Available | D78: Canada | E78: =INDEX('Population and Broadband subs'!$D$12:$D$113,MATCH($D78,'Population and Broadband subs'!$A$12:$A$113,0)) -> 40470000 | F78: =INDEX('Population and Broadband subs'!$D$324:$D$425,MATCH($D78,'Population and Broadband subs'!$A$324:$A$425,0)) -> 15805471 | G78: =INDEX('penetration and ARPU'!$D$12:$D$113,MATCH($D78,'penetration and ARPU'!$A$12:$A$113,0)) -> 94.69 | H78: =INDEX('penetration and ARPU'!$D$1364:$D$1465,MATCH($D78,'penetration and ARPU'!$A$1364:$A$1465,0)) -> 54.01 | I78: =IFERROR(INDEX('penetration and ARPU'!$D$1780:$D$1881,MATCH($D78,'penetration and ARPU'!$A$1780:$A$1881,0)),"n/a") -> NA
B79: United States | C79: =INDEX('starlink countries list'!$C$2:$C$256,MATCH($B79,'starlink countries list'!$B$2:$B$256,0)) -> Available | D79: USA | E79: =INDEX('Population and Broadband subs'!$D$12:$D$113,MATCH($D79,'Population and Broadband subs'!$A$12:$A$113,0)) -> 343500000 | F79: =INDEX('Population and Broadband subs'!$D$324:$D$425,MATCH($D79,'Population and Broadband subs'!$A$324:$A$425,0)) -> 127205436 | G79: =INDEX('penetration and ARPU'!$D$12:$D$113,MATCH($D79,'penetration and ARPU'!$A$12:$A$113,0)) -> 92.48 | H79: =INDEX('penetration and ARPU'!$D$1364:$D$1465,MATCH($D79,'penetration and ARPU'!$A$1364:$A$1465,0)) -> 66.35 | I79: =IFERROR(INDEX('penetration and ARPU'!$D$1780:$D$1881,MATCH($D79,'penetration and ARPU'!$A$1780:$A$1881,0)),"n/a") -> NA
A81: Western Europe
B82: Austria | C82: =INDEX('starlink countries list'!$C$2:$C$256,MATCH($B82,'starlink countries list'!$B$2:$B$256,0)) -> Available | D82: Austria | E82: =INDEX('Population and Broadband subs'!$D$12:$D$113,MATCH($D82,'Population and Broadband subs'!$A$12:$A$113,0)) -> 8790000 | F82: =INDEX('Population and Broadband subs'!$D$324:$D$425,MATCH($D82,'Population and Broadband subs'!$A$324:$A$425,0)) -> 2634020 | G82: =INDEX('penetration and ARPU'!$D$12:$D$113,MATCH($D82,'penetration and ARPU'!$A$12:$A$113,0)) -> 63.46 | H82: =INDEX('penetration and ARPU'!$D$1364:$D$1465,MATCH($D82,'penetration and ARPU'!$A$1364:$A$1465,0)) -> 44.92 | I82: =IFERROR(INDEX('penetration and ARPU'!$D$1780:$D$1881,MATCH($D82,'penetration and ARPU'!$A$1780:$A$1881,0)),"n/a") -> 53.621271
B83: Belgium | C83: =INDEX('starlink countries list'!$C$2:$C$256,MATCH($B83,'starlink countries list'!$B$2:$B$256,0)) -> Available | D83: Belgium | E83: =INDEX('Population and Broadband subs'!$D$12:$D$113,MATCH($D83,'Population and Broadband subs'!$A$12:$A$113,0)) -> 11770000 | F83: =INDEX('Population and Broadband subs'!$D$324:$D$425,MATCH($D83,'Population and Broadband subs'!$A$324:$A$425,0)) -> 4615777 | G83: =INDEX('penetration and ARPU'!$D$12:$D$113,MATCH($D83,'penetration and ARPU'!$A$12:$A$113,0)) -> 89.45 | H83: =INDEX('penetration and ARPU'!$D$1364:$D$1465,MATCH($D83,'penetration and ARPU'!$A$1364:$A$1465,0)) -> 43.41 | I83: =IFERROR(INDEX('penetration and ARPU'!$D$1780:$D$1881,MATCH($D83,'penetration and ARPU'!$A$1780:$A$1881,0)),"n/a") -> 0
B84: Denmark | C84: =INDEX('starlink countries list'!$C$2:$C$256,MATCH($B84,'starlink countries list'!$B$2:$B$256,0)) -> Available | D84: Denmark | E84: =INDEX('Population and Broadband subs'!$D$12:$D$113,MATCH($D84,'Population and Broadband subs'!$A$12:$A$113,0)) -> 6000000 | F84: =INDEX('Population and Broadband subs'!$D$324:$D$425,MATCH($D84,'Population and Broadband subs'!$A$324:$A$425,0)) -> 2608646 | G84: =INDEX('penetration and ARPU'!$D$12:$D$113,MATCH($D84,'penetration and ARPU'!$A$12:$A$113,0)) -> 90.85 | H84: =INDEX('penetration and ARPU'!$D$1364:$D$1465,MATCH($D84,'penetration and ARPU'!$A$1364:$A$1465,0)) -> 34.97 | I84: =IFERROR(INDEX('penetration and ARPU'!$D$1780:$D$1881,MATCH($D84,'penetration and ARPU'!$A$1780:$A$1881,0)),"n/a") -> 0.0265054
B85: Finland | C85: =INDEX('starlink countries list'!$C$2:$C$256,MATCH($B85,'starlink countries list'!$B$2:$B$256,0)) -> Available | D85: Finland | E85: =INDEX('Population and Broadband subs'!$D$12:$D$113,MATCH($D85,'Population and Broadband subs'!$A$12:$A$113,0)) -> 5557511 | F85: =INDEX('Population and Broadband subs'!$D$324:$D$425,MATCH($D85,'Population and Broadband subs'!$A$324:$A$425,0)) -> 2015946 | G85: =INDEX('penetration and ARPU'!$D$12:$D$113,MATCH($D85,'penetration and ARPU'!$A$12:$A$113,0)) -> 70.8 | H85: =INDEX('penetration and ARPU'!$D$1364:$D$1465,MATCH($D85,'penetration and ARPU'!$A$1364:$A$1465,0)) -> 34.51 | I85: =IFERROR(INDEX('penetration and ARPU'!$D$1780:$D$1881,MATCH($D85,'penetration and ARPU'!$A$1780:$A$1881,0)),"n/a") -> 34.364978
B86: France | C86: =INDEX('starlink countries list'!$C$2:$C$256,MATCH($B86,'starlink countries list'!$B$2:$B$256,0)) -> Available | D86: France | E86: =INDEX('Population and Broadband subs'!$D$12:$D$113,MATCH($D86,'Population and Broadband subs'!$A$12:$A$113,0)) -> 65120000 | F86: =INDEX('Population and Broadband subs'!$D$324:$D$425,MATCH($D86,'Population and Broadband subs'!$A$324:$A$425,0)) -> 31850439 | G86: =INDEX('penetration and ARPU'!$D$12:$D$113,MATCH($D86,'penetration and ARPU'!$A$12:$A$113,0)) -> 101.07 | H86: =INDEX('penetration and ARPU'!$D$1364:$D$1465,MATCH($D86,'penetration and ARPU'!$A$1364:$A$1465,0)) -> 24.18 | I86: =IFERROR(INDEX('penetration and ARPU'!$D$1780:$D$1881,MATCH($D86,'penetration and ARPU'!$A$1780:$A$1881,0)),"n/a") -> NA
B87: Germany | C87: =INDEX('starlink countries list'!$C$2:$C$256,MATCH($B87,'starlink countries list'!$B$2:$B$256,0)) -> Available | D87: Germany | E87: =INDEX('Population and Broadband subs'!$D$12:$D$113,MATCH($D87,'Population and Broadband subs'!$A$12:$A$113,0)) -> 83640000 | F87: =INDEX('Population and Broadband subs'!$D$324:$D$425,MATCH($D87,'Population and Broadband subs'!$A$324:$A$425,0)) -> 38986381 | G87: =INDEX('penetration and ARPU'!$D$12:$D$113,MATCH($D87,'penetration and ARPU'!$A$12:$A$113,0)) -> 94.79 | H87: =INDEX('penetration and ARPU'!$D$1364:$D$1465,MATCH($D87,'penetration and ARPU'!$A$1364:$A$1465,0)) -> 30.23 | I87: =IFERROR(INDEX('penetration and ARPU'!$D$1780:$D$1881,MATCH($D87,'penetration and ARPU'!$A$1780:$A$1881,0)),"n/a") -> NA
B88: Greece | C88: =INDEX('starlink countries list'!$C$2:$C$256,MATCH($B88,'starlink countries list'!$B$2:$B$256,0)) -> Available | D88: Greece | E88: =INDEX('Population and Broadband subs'!$D$12:$D$113,MATCH($D88,'Population and Broadband subs'!$A$12:$A$113,0)) -> 10100000 | F88: =INDEX('Population and Broadband subs'!$D$324:$D$425,MATCH($D88,'Population and Broadband subs'!$A$324:$A$425,0)) -> 4870934 | G88: =INDEX('penetration and ARPU'!$D$12:$D$113,MATCH($D88,'penetration and ARPU'!$A$12:$A$113,0)) -> 108.58 | H88: =INDEX('penetration and ARPU'!$D$1364:$D$1465,MATCH($D88,'penetration and ARPU'!$A$1364:$A$1465,0)) -> 25.68 | I88: =IFERROR(INDEX('penetration and ARPU'!$D$1780:$D$1881,MATCH($D88,'penetration and ARPU'!$A$1780:$A$1881,0)),"n/a") -> NA
B89: Ireland | C89: =INDEX('starlink countries list'!$C$2:$C$256,MATCH($B89,'starlink countries list'!$B$2:$B$256,0)) -> Available | D89: Ireland | E89: =INDEX('Population and Broadband subs'!$D$12:$D$113,MATCH($D89,'Population and Broadband subs'!$A$12:$A$113,0)) -> 5140000 | F89: =INDEX('Population and Broadband subs'!$D$324:$D$425,MATCH($D89,'Population and Broadband subs'!$A$324:$A$425,0)) -> 1639373 | G89: =INDEX('penetration and ARPU'!$D$12:$D$113,MATCH($D89,'penetration and ARPU'!$A$12:$A$113,0)) -> 76.25 | H89: =INDEX('penetration and ARPU'!$D$1364:$D$1465,MATCH($D89,'penetration and ARPU'!$A$1364:$A$1465,0)) -> 42.18 | I89: =IFERROR(INDEX('penetration and ARPU'!$D$1780:$D$1881,MATCH($D89,'penetration and ARPU'!$A$1780:$A$1881,0)),"n/a") -> 40.339012
B90: Italy | C90: =INDEX('starlink countries list'!$C$2:$C$256,MATCH($B90,'starlink countries list'!$B$2:$B$256,0)) -> Available | D90: Italy | E90: =INDEX('Population and Broadband subs'!$D$12:$D$113,MATCH($D90,'Population and Broadband subs'!$A$12:$A$113,0)) -> 58845703 | F90: =INDEX('Population and Broadband subs'!$D$324:$D$425,MATCH($D90,'Population and Broadband subs'!$A$324:$A$425,0)) -> 17088965 | G90: =INDEX('penetration and ARPU'!$D$12:$D$113,MATCH($D90,'penetration and ARPU'!$A$12:$A$113,0)) -> 65.22 | H90: =INDEX('penetration and ARPU'!$D$1364:$D$1465,MATCH($D90,'penetration and ARPU'!$A$1364:$A$1465,0)) -> 23.24 | I90: =IFERROR(INDEX('penetration and ARPU'!$D$1780:$D$1881,MATCH($D90,'penetration and ARPU'!$A$1780:$A$1881,0)),"n/a") -> 0.024202257
B91: Netherlands | C91: =INDEX('starlink countries list'!$C$2:$C$256,MATCH($B91,'starlink countries list'!$B$2:$B$256,0)) -> Available | D91: Netherlands | E91: =INDEX('Population and Broadband subs'!$D$12:$D$113,MATCH($D91,'Population and Broadband subs'!$A$12:$A$113,0)) -> 17770000 | F91: =INDEX('Population and Broadband subs'!$D$324:$D$425,MATCH($D91,'Population and Broadband subs'!$A$324:$A$425,0)) -> 7823481 | G91: =INDEX('penetration and ARPU'!$D$12:$D$113,MATCH($D91,'penetration and ARPU'!$A$12:$A$113,0)) -> 92.05 | H91: =INDEX('penetration and ARPU'!$D$1364:$D$1465,MATCH($D91,'penetration and ARPU'!$A$1364:$A$1465,0)) -> 32.3 | I91: =IFERROR(INDEX('penetration and ARPU'!$D$1780:$D$1881,MATCH($D91,'penetration and ARPU'!$A$1780:$A$1881,0)),"n/a") -> 0.02
B92: Norway | C92: =INDEX('starlink countries list'!$C$2:$C$256,MATCH($B92,'starlink countries list'!$B$2:$B$256,0)) -> Available | D92: Norway | E92: =INDEX('Population and Broadband subs'!$D$12:$D$113,MATCH($D92,'Population and Broadband subs'!$A$12:$A$113,0)) -> 5590000 | F92: =INDEX('Population and Broadband subs'!$D$324:$D$425,MATCH($D92,'Population and Broadband subs'!$A$324:$A$425,0)) -> 2533755 | G92: =INDEX('penetration and ARPU'!$D$12:$D$113,MATCH($D92,'penetration and ARPU'!$A$12:$A$113,0)) -> 96.03 | H92: =INDEX('penetration and ARPU'!$D$1364:$D$1465,MATCH($D92,'penetration and ARPU'!$A$1364:$A$1465,0)) -> 36.15 | I92: =IFERROR(INDEX('penetration and ARPU'!$D$1780:$D$1881,MATCH($D92,'penetration and ARPU'!$A$1780:$A$1881,0)),"n/a") -> 33.688957
B93: Portugal | C93: =INDEX('starlink countries list'!$C$2:$C$256,MATCH($B93,'starlink countries list'!$B$2:$B$256,0)) -> Available | D93: Portugal | E93: =INDEX('Population and Broadband subs'!$D$12:$D$113,MATCH($D93,'Population and Broadband subs'!$A$12:$A$113,0)) -> 10172106 | F93: =INDEX('Population and Broadband subs'!$D$324:$D$425,MATCH($D93,'Population and Broadband subs'!$A$324:$A$425,0)) -> 4137809 | G93: =INDEX('penetration and ARPU'!$D$12:$D$113,MATCH($D93,'penetration and ARPU'!$A$12:$A$113,0)) -> 93.09 | H93: =INDEX('penetration and ARPU'!$D$1364:$D$1465,MATCH($D93,'penetration and ARPU'!$A$1364:$A$1465,0)) -> 27.96 | I93: =IFERROR(INDEX('penetration and ARPU'!$D$1780:$D$1881,MATCH($D93,'penetration and ARPU'!$A$1780:$A$1881,0)),"n/a") -> 0
... B97: United Kingdom | C97: =INDEX('starlink countries list'!$C$2:$C$256,MATCH($B97,'starlink countries list'!$B$2:$B$256,0)) -> Available | D97: United Kingdom | E97: =INDEX('Population and Broadband subs'!$D$12:$D$113,MATCH($D97,'Population and Broadband subs'!$A$12:$A$113,0)) -> 69930000 | F97: =INDEX('Population and Broadband subs'!$D$324:$D$425,MATCH($D97,'Population and Broadband subs'!$A$324:$A$425,0)) -> 28792315 | G97: =INDEX('penetration and ARPU'!$D$12:$D$113,MATCH($D97,'penetration and ARPU'!$A$12:$A$113,0)) -> 99.55 | H97: =INDEX('penetration and ARPU'!$D$1364:$D$1465,MATCH($D97,'penetration and ARPU'!$A$1364:$A$1465,0)) -> 34.34 | I97: =IFERROR(INDEX('penetration and ARPU'!$D$1780:$D$1881,MATCH($D97,'penetration and ARPU'!$A$1780:$A$1881,0)),"n/a") -> NA

Sheet Population vs Penetration
A1: Country | B1: Population (2026) | C1: Broadband Penetration (2026) | D1: Population (millions) | E1: Country Code | F1: ARPU ($) (2026) | H1: Country Code | I1: Penetration (2026) | J1: ARPU ($) (2026)
A2: ='Starlink countries with data'!B6 -> Australia | B2: ='Starlink countries with data'!E6 -> 27230000 | C2: ='Starlink countries with data'!G6 -> 93.38 | D2: =B2/1000000 -> 27.23 | E2: =INDEX('starlink countries list'!$A$2:$A$256,MATCH(A2,'starlink countries list'!$B$2:$B$256,0)) -> AU | F2: =IFERROR(INDEX('Starlink countries with data'!$H$6:$H$97,MATCH($A2,'Starlink countries with data'!$B$6:$B$97,0)),"NA") -> 34.66 | H2: =E2 -> AU | I2: =C2 -> 93.38 | J2: =F2 -> 34.66
A3: ='Starlink countries with data'!B7 -> Cambodia | B3: ='Starlink countries with data'!E7 -> 17427953 | C3: ='Starlink countries with data'!G7 -> 18.51 | D3: =B3/1000000 -> 17.427953 | E3: =INDEX('starlink countries list'!$A$2:$A$256,MATCH(A3,'starlink countries list'!$B$2:$B$256,0)) -> KH | F3: =IFERROR(INDEX('Starlink countries with data'!$H$6:$H$97,MATCH($A3,'Starlink countries with data'!$B$6:$B$97,0)),"NA") -> 17.19 | H3: =E3 -> KH | I3: =C3 -> 18.51 | J3: =F3 -> 17.19
A4: ='Starlink countries with data'!B8 -> Indonesia | B4: ='Starlink countries with data'!E8 -> 287148600 | C4: ='Starlink countries with data'!G8 -> 25.17 | D4: =B4/1000000 -> 287.1486 | E4: =INDEX('starlink countries list'!$A$2:$A$256,MATCH(A4,'starlink countries list'!$B$2:$B$256,0)) -> ID | F4: =IFERROR(INDEX('Starlink countries with data'!$H$6:$H$97,MATCH($A4,'Starlink countries with data'!$B$6:$B$97,0)),"NA") -> 12.14 | H4: =E4 -> ID | I4: =C4 -> 25.17 | J4: =F4 -> 12.14
A5: ='Starlink countries with data'!B9 -> Japan | B5: ='Starlink countries with data'!E9 -> 123400000 | C5: ='Starlink countries with data'!G9 -> 87.64 | D5: =B5/1000000 -> 123.4 | E5: =INDEX('starlink countries list'!$A$2:$A$256,MATCH(A5,'starlink countries list'!$B$2:$B$256,0)) -> JP | F5: =IFERROR(INDEX('Starlink countries with data'!$H$6:$H$97,MATCH($A5,'Starlink countries with data'!$B$6:$B$97,0)),"NA") -> 24.66 | H5: =E5 -> JP | I5: =C5 -> 87.64 | J5: =F5 -> 24.66
A6: ='Starlink countries with data'!B10 -> Korea, Republic of | B6: ='Starlink countries with data'!E10 -> 51320000 | C6: ='Starlink countries with data'!G10 -> 112.57 | D6: =B6/1000000 -> 51.32 | E6: =INDEX('starlink countries list'!$A$2:$A$256,MATCH(A6,'starlink countries list'!$B$2:$B$256,0)) -> KR | F6: =IFERROR(INDEX('Starlink countries with data'!$H$6:$H$97,MATCH($A6,'Starlink countries with data'!$B$6:$B$97,0)),"NA") -> 14.14 | H6: =E6 -> KR | I6: =C6 -> 112.57 | J6: =F6 -> 14.14
A7: ='Starlink countries with data'!B11 -> Lao People's Democratic Republic | B7: ='Starlink countries with data'!E11 -> 7914207 | C7: ='Starlink countries with data'!G11 -> 18.44 | D7: =B7/1000000 -> 7.914207 | E7: =INDEX('starlink countries list'!$A$2:$A$256,MATCH(A7,'starlink countries list'!$B$2:$B$256,0)) -> LA | F7: =IFERROR(INDEX('Starlink countries with data'!$H$6:$H$97,MATCH($A7,'Starlink countries with data'!$B$6:$B$97,0)),"NA") -> 15.25 | H7: =E7 -> LA | I7: =C7 -> 18.44 | J7: =F7 -> 15.25
A8: ='Starlink countries with data'!B12 -> Malaysia | B8: ='Starlink countries with data'!E12 -> 36120000 | C8: ='Starlink countries with data'!G12 -> 55.9 | D8: =B8/1000000 -> 36.12 | E8: =INDEX('starlink countries list'!$A$2:$A$256,MATCH(A8,'starlink countries list'!$B$2:$B$256,0)) -> MY | F8: =IFERROR(INDEX('Starlink countries with data'!$H$6:$H$97,MATCH($A8,'Starlink countries with data'!$B$6:$B$97,0)),"NA") -> 31.46 | H8: =E8 -> MY | I8: =C8 -> 55.9 | J8: =F8 -> 31.46
A9: ='Starlink countries with data'!B13 -> Myanmar | B9: ='Starlink countries with data'!E13 -> 55649307 | C9: ='Starlink countries with data'!G13 -> 12.17 | D9: =B9/1000000 -> 55.649307 | E9: =INDEX('starlink countries list'!$A$2:$A$256,MATCH(A9,'starlink countries list'!$B$2:$B$256,0)) -> MM | F9: =IFERROR(INDEX('Starlink countries with data'!$H$6:$H$97,MATCH($A9,'Starlink countries with data'!$B$6:$B$97,0)),"NA") -> 6.59 | H9: =E9 -> MM | I9: =C9 -> 12.17 | J9: =F9 -> 6.59
A10: ='Starlink countries with data'!B14 -> New Zealand | B10: ='Starlink countries with data'!E14 -> 5290000 | C10: ='Starlink countries with data'!G14 -> 91.95 | D10: =B10/1000000 -> 5.29 | E10: =INDEX('starlink countries list'!$A$2:$A$256,MATCH(A10,'starlink countries list'!$B$2:$B$256,0)) -> NZ | F10: =IFERROR(INDEX('Starlink countries with data'!$H$6:$H$97,MATCH($A10,'Starlink countries with data'!$B$6:$B$97,0)),"NA") -> 42.19 | H10: =E10 -> NZ | I10: =C10 -> 91.95 | J10: =F10 -> 42.19
A11: ='Starlink countries with data'!B15 -> Philippines | B11: ='Starlink countries with data'!E15 -> 119850000 | C11: ='Starlink countries with data'!G15 -> 44.16 | D11: =B11/1000000 -> 119.85 | E11: =INDEX('starlink countries list'!$A$2:$A$256,MATCH(A11,'starlink countries list'!$B$2:$B$256,0)) -> PH | F11: =IFERROR(INDEX('Starlink countries with data'!$H$6:$H$97,MATCH($A11,'Starlink countries with data'!$B$6:$B$97,0)),"NA") -> 19.52 | H11: =E11 -> PH | I11: =C11 -> 44.16 | J11: =F11 -> 19.52
A12: ='Starlink countries with data'!B16 -> Singapore | B12: ='Starlink countries with data'!E16 -> 5860000 | C12: ='Starlink countries with data'!G16 -> 102.13 | D12: =B12/1000000 -> 5.86 | E12: =INDEX('starlink countries list'!$A$2:$A$256,MATCH(A12,'starlink countries list'!$B$2:$B$256,0)) -> SG | F12: =IFERROR(INDEX('Starlink countries with data'!$H$6:$H$97,MATCH($A12,'Starlink countries with data'!$B$6:$B$97,0)),"NA") -> 26.61 | H12: =E12 -> SG | I12: =C12 -> 102.13 | J12: =F12 -> 26.61
A13: ='Starlink countries with data'!B17 -> Taiwan, Province of China | B13: ='Starlink countries with data'!E17 -> 23340000 | C13: ='Starlink countries with data'!G17 -> 76.61 | D13: =B13/1000000 -> 23.34 | E13: =INDEX('starlink countries list'!$A$2:$A$256,MATCH(A13,'starlink countries list'!$B$2:$B$256,0)) -> TW | F13: =IFERROR(INDEX('Starlink countries with data'!$H$6:$H$97,MATCH($A13,'Starlink countries with data'!$B$6:$B$97,0)),"NA") -> 13.12 | H13: =E13 -> TW | I13: =C13 -> 76.61 | J13: =F13 -> 13.12
A14: ='Starlink countries with data'!B18 -> Viet Nam | B14: ='Starlink countries with data'!E18 -> 101800000 | C14: ='Starlink countries with data'!G18 -> 84.02 | D14: =B14/1000000 -> 101.8 | E14: =INDEX('starlink countries list'!$A$2:$A$256,MATCH(A14,'starlink countries list'!$B$2:$B$256,0)) -> VN | F14: =IFERROR(INDEX('Starlink countries with data'!$H$6:$H$97,MATCH($A14,'Starlink countries with data'!$B$6:$B$97,0)),"NA") -> 9.22 | H14: =E14 -> VN | I14: =C14 -> 84.02 | J14: =F14 -> 9.22
A15: ='Starlink countries with data'!B21 -> Bulgaria | B15: ='Starlink countries with data'!E21 -> 6630000 | C15: ='Starlink countries with data'!G21 -> 93.65 | D15: =B15/1000000 -> 6.63 | E15: =INDEX('starlink countries list'!$A$2:$A$256,MATCH(A15,'starlink countries list'!$B$2:$B$256,0)) -> BG | F15: =IFERROR(INDEX('Starlink countries with data'!$H$6:$H$97,MATCH($A15,'Starlink countries with data'!$B$6:$B$97,0)),"NA") -> NA | H15: =E16 -> HR | I15: =C16 -> 81.66 | J15: =F16 -> 18.11
A16: ='Starlink countries with data'!B22 -> Croatia | B16: ='Starlink countries with data'!E22 -> 3940000 | C16: ='Starlink countries with data'!G22 -> 81.66 | D16: =B16/1000000 -> 3.94 | E16: =INDEX('starlink countries list'!$A$2:$A$256,MATCH(A16,'starlink countries list'!$B$2:$B$256,0)) -> HR | F16: =IFERROR(INDEX('Starlink countries with data'!$H$6:$H$97,MATCH($A16,'Starlink countries with data'!$B$6:$B$97,0)),"NA") -> 18.11 | H16: =E22 -> PL | I16: =C22 -> 67.6 | J16: =F22 -> 12.79
A17: ='Starlink countries with data'!B23 -> Czechia | B17: ='Starlink countries with data'!E23 -> 10530000 | C17: ='Starlink countries with data'!G23 -> 80.95 | D17: =B17/1000000 -> 10.53 | E17: =INDEX('starlink countries list'!$A$2:$A$256,MATCH(A17,'starlink countries list'!$B$2:$B$256,0)) -> CZ | F17: =IFERROR(INDEX('Starlink countries with data'!$H$6:$H$97,MATCH($A17,'Starlink countries with data'!$B$6:$B$97,0)),"NA") -> NA | H17: =E28 -> AR | I17: =C28 -> 78.77 | J17: =F28 -> 17.34
A18: ='Starlink countries with data'!B24 -> Estonia | B18: ='Starlink countries with data'!E24 -> 1330000 | C18: ='Starlink countries with data'!G24 -> 75.45 | D18: =B18/1000000 -> 1.33 | E18: =INDEX('starlink countries list'!$A$2:$A$256,MATCH(A18,'starlink countries list'!$B$2:$B$256,0)) -> EE | F18: =IFERROR(INDEX('Starlink countries with data'!$H$6:$H$97,MATCH($A18,'Starlink countries with data'!$B$6:$B$97,0)),"NA") -> NA | H18: =E32 -> BR | I18: =C32 -> 65.84 | J18: =F32 -> 17.81
A19: ='Starlink countries with data'!B25 -> Hungary | B19: ='Starlink countries with data'!E25 -> 9590000 | C19: ='Starlink countries with data'!G25 -> 86.79 | D19: =B19/1000000 -> 9.59 | E19: =INDEX('starlink countries list'!$A$2:$A$256,MATCH(A19,'starlink countries list'!$B$2:$B$256,0)) -> HU | F19: =IFERROR(INDEX('Starlink countries with data'!$H$6:$H$97,MATCH($A19,'Starlink countries with data'!$B$6:$B$97,0)),"NA") -> NA | H19: =E33 -> CL | I19: =C33 -> 74.08 | J19: =F33 -> 17.51
A20: ='Starlink countries with data'!B26 -> Latvia | B20: ='Starlink countries with data'!E26 -> 1840000 | C20: ='Starlink countries with data'!G26 -> 56.94 | D20: =B20/1000000 -> 1.84 | E20: =INDEX('starlink countries list'!$A$2:$A$256,MATCH(A20,'starlink countries list'!$B$2:$B$256,0)) -> LV | F20: =IFERROR(INDEX('Starlink countries with data'!$H$6:$H$97,MATCH($A20,'Starlink countries with data'!$B$6:$B$97,0)),"NA") -> NA | H20: =E34 -> CO | I20: =C34 -> 47.11 | J20: =F34 -> 13.09
A21: ='Starlink countries with data'!B27 -> Lithuania | B21: ='Starlink countries with data'!E27 -> 2650000 | C21: ='Starlink countries with data'!G27 -> 44.72 | D21: =B21/1000000 -> 2.65 | E21: =INDEX('starlink countries list'!$A$2:$A$256,MATCH(A21,'starlink countries list'!$B$2:$B$256,0)) -> LT | F21: =IFERROR(INDEX('Starlink countries with data'!$H$6:$H$97,MATCH($A21,'Starlink countries with data'!$B$6:$B$97,0)),"NA") -> NA | H21: =E35 -> CR | I21: =C35 -> 82.56 | J21: =F35 -> 29.56
A22: ='Starlink countries with data'!B28 -> Poland | B22: ='Starlink countries with data'!E28 -> 37420000 | C22: ='Starlink countries with data'!G28 -> 67.6 | D22: =B22/1000000 -> 37.42 | E22: =INDEX('starlink countries list'!$A$2:$A$256,MATCH(A22,'starlink countries list'!$B$2:$B$256,0)) -> PL | F22: =IFERROR(INDEX('Starlink countries with data'!$H$6:$H$97,MATCH($A22,'Starlink countries with data'!$B$6:$B$97,0)),"NA") -> 12.79 | H22: =E36 -> DO | I22: =C36 -> 37.35 | J22: =F36 -> 18.97
A23: ='Starlink countries with data'!B29 -> Romania | B23: ='Starlink countries with data'!E29 -> 18800000 | C23: ='Starlink countries with data'!G29 -> 89.83 | D23: =B23/1000000 -> 18.8 | E23: =INDEX('starlink countries list'!$A$2:$A$256,MATCH(A23,'starlink countries list'!$B$2:$B$256,0)) -> RO | F23: =IFERROR(INDEX('Starlink countries with data'!$H$6:$H$97,MATCH($A23,'Starlink countries with data'!$B$6:$B$97,0)),"NA") -> NA | H23: =E39 -> GT | I23: =C39 -> 27.02 | J23: =F39 -> 20.31
A24: ='Starlink countries with data'!B30 -> Serbia | B24: ='Starlink countries with data'!E30 -> 6490000 | C24: ='Starlink countries with data'!G30 -> 89.3 | D24: =B24/1000000 -> 6.49 | E24: =INDEX('starlink countries list'!$A$2:$A$256,MATCH(A24,'starlink countries list'!$B$2:$B$256,0)) -> RS | F24: =IFERROR(INDEX('Starlink countries with data'!$H$6:$H$97,MATCH($A24,'Starlink countries with data'!$B$6:$B$97,0)),"NA") -> NA | H24: =E42 -> MX | I24: =C42 -> 72.19 | J24: =F42 -> 23.15
A25: ='Starlink countries with data'!B31 -> Slovakia | B25: ='Starlink countries with data'!E31 -> 5440000 | C25: ='Starlink countries with data'!G31 -> 97.15 | D25: =B25/1000000 -> 5.44 | E25: =INDEX('starlink countries list'!$A$2:$A$256,MATCH(A25,'starlink countries list'!$B$2:$B$256,0)) -> SK | F25: =IFERROR(INDEX('Starlink countries with data'!$H$6:$H$97,MATCH($A25,'Starlink countries with data'!$B$6:$B$97,0)),"NA") -> 0 | H25: =E44 -> PA | I25: =C44 -> 55.01 | J25: =F44 -> 33.74
A26: ='Starlink countries with data'!B32 -> Slovenia | B26: ='Starlink countries with data'!E32 -> 2120000 | C26: ='Starlink countries with data'!G32 -> 89.73 | D26: =B26/1000000 -> 2.12 | E26: =INDEX('starlink countries list'!$A$2:$A$256,MATCH(A26,'starlink countries list'!$B$2:$B$256,0)) -> SI | F26: =IFERROR(INDEX('Starlink countries with data'!$H$6:$H$97,MATCH($A26,'Starlink countries with data'!$B$6:$B$97,0)),"NA") -> NA | H26: =E46 -> PE | I26: =C46 -> 42.96 | J26: =F46 -> 22.41
A27: ='Starlink countries with data'!B33 -> Türkiye | B27: ='Starlink countries with data'!E33 -> 87930000 | C27: ='Starlink countries with data'!G33 -> 82.44 | D27: =B27/1000000 -> 87.93 | E27: =INDEX('starlink countries list'!$A$2:$A$256,MATCH("T*rkiye",'starlink countries list'!$B$2:$B$256,0)) -> TR | F27: =IFERROR(INDEX('Starlink countries with data'!$H$6:$H$97,MATCH($A27,'Starlink countries with data'!$B$6:$B$97,0)),"NA") -> NA | H27: =E48 -> TT | I27: =C48 -> 80.4 | J27: =F48 -> 32.38
A28: ='Starlink countries with data'!B36 -> Argentina | B28: ='Starlink countries with data'!E36 -> 46000000 | C28: ='Starlink countries with data'!G36 -> 78.77 | D28: =B28/1000000 -> 46 | E28: =INDEX('starlink countries list'!$A$2:$A$256,MATCH(A28,'starlink countries list'!$B$2:$B$256,0)) -> AR | F28: =IFERROR(INDEX('Starlink countries with data'!$H$6:$H$97,MATCH($A28,'Starlink countries with data'!$B$6:$B$97,0)),"NA") -> 17.34 | H28: =E64 -> CA | I28: =C64 -> 94.69 | J28: =F64 -> 54.01
A29: ='Starlink countries with data'!B37 -> Bahamas | B29: ='Starlink countries with data'!E37 -> 429905 | C29: ='Starlink countries with data'!G37 -> 59.54 | D29: =B29/1000000 -> 0.429905 | E29: =INDEX('starlink countries list'!$A$2:$A$256,MATCH(A29,'starlink countries list'!$B$2:$B$256,0)) -> BS | F29: =IFERROR(INDEX('Starlink countries with data'!$H$6:$H$97,MATCH($A29,'Starlink countries with data'!$B$6:$B$97,0)),"NA") -> NA | H29: =E65 -> US | I29: =C65 -> 92.48 | J29: =F65 -> 66.35
A30: ='Starlink countries with data'!B38 -> Barbados | B30: ='Starlink countries with data'!E38 -> 291453 | C30: ='Starlink countries with data'!G38 -> 86.64 | D30: =B30/1000000 -> 0.291453 | E30: =INDEX('starlink countries list'!$A$2:$A$256,MATCH(A30,'starlink countries list'!$B$2:$B$256,0)) -> BB | F30: =IFERROR(INDEX('Starlink countries with data'!$H$6:$H$97,MATCH($A30,'Starlink countries with data'!$B$6:$B$97,0)),"NA") -> NA | H30: =E66 -> AT | I30: =C66 -> 63.46 | J30: =F66 -> 44.92
A31: ='Starlink countries with data'!B39 -> Bolivia, Plurinational State of | B31: ='Starlink countries with data'!E39 -> 12630000 | C31: ='Starlink countries with data'!G39 -> 37.15 | D31: =B31/1000000 -> 12.63 | E31: =INDEX('starlink countries list'!$A$2:$A$256,MATCH(A31,'starlink countries list'!$B$2:$B$256,0)) -> BO | F31: =IFERROR(INDEX('Starlink countries with data'!$H$6:$H$97,MATCH($A31,'Starlink countries with data'!$B$6:$B$97,0)),"NA") -> NA | H31: =E67 -> BE | I31: =C67 -> 89.45 | J31: =F67 -> 43.41
A32: ='Starlink countries with data'!B40 -> Brazil | B32: ='Starlink countries with data'!E40 -> 213560000 | C32: ='Starlink countries with data'!G40 -> 65.84 | D32: =B32/1000000 -> 213.56 | E32: =INDEX('starlink countries list'!$A$2:$A$256,MATCH(A32,'starlink countries list'!$B$2:$B$256,0)) -> BR | F32: =IFERROR(INDEX('Starlink countries with data'!$H$6:$H$97,MATCH($A32,'Starlink countries with data'!$B$6:$B$97,0)),"NA") -> 17.81 | H32: =E68 -> DK | I32: =C68 -> 90.85 | J32: =F68 -> 34.97
A33: ='Starlink countries with data'!B41 -> Chile | B33: ='Starlink countries with data'!E41 -> 19950000 | C33: ='Starlink countries with data'!G41 -> 74.08 | D33: =B33/1000000 -> 19.95 | E33: =INDEX('starlink countries list'!$A$2:$A$256,MATCH(A33,'starlink countries list'!$B$2:$B$256,0)) -> CL | F33: =IFERROR(INDEX('Starlink countries with data'!$H$6:$H$97,MATCH($A33,'Starlink countries with data'!$B$6:$B$97,0)),"NA") -> 17.51 | H33: =E69 -> FI | I33: =C69 -> 70.8 | J33: =F69 -> 34.51
A34: ='Starlink countries with data'!B42 -> Colombia | B34: ='Starlink countries with data'!E42 -> 52900000 | C34: ='Starlink countries with data'!G42 -> 47.11 | D34: =B34/1000000 -> 52.9 | E34: =INDEX('starlink countries list'!$A$2:$A$256,MATCH(A34,'starlink countries list'!$B$2:$B$256,0)) -> CO | F34: =IFERROR(INDEX('Starlink countries with data'!$H$6:$H$97,MATCH($A34,'Starlink countries with data'!$B$6:$B$97,0)),"NA") -> 13.09 | H34: =E70 -> FR | I34: =C70 -> 101.07 | J34: =F70 -> 24.18
A35: ='Starlink countries with data'!B43 -> Costa Rica | B35: ='Starlink countries with data'!E43 -> 5170000 | C35: ='Starlink countries with data'!G43 -> 82.56 | D35: =B35/1000000 -> 5.17 | E35: =INDEX('starlink countries list'!$A$2:$A$256,MATCH(A35,'starlink countries list'!$B$2:$B$256,0)) -> CR | F35: =IFERROR(INDEX('Starlink countries with data'!$H$6:$H$97,MATCH($A35,'Starlink countries with data'!$B$6:$B$97,0)),"NA") -> 29.56 | H35: =E71 -> DE | I35: =C71 -> 94.79 | J35: =F71 -> 30.23
A36: ='Starlink countries with data'!B44 -> Dominican Republic | B36: ='Starlink countries with data'!E44 -> 10954360 | C36: ='Starlink countries with data'!G44 -> 37.35 | D36: =B36/1000000 -> 10.95436 | E36: =INDEX('starlink countries list'!$A$2:$A$256,MATCH(A36,'starlink countries list'!$B$2:$B$256,0)) -> DO | F36: =IFERROR(INDEX('Starlink countries with data'!$H$6:$H$97,MATCH($A36,'Starlink countries with data'!$B$6:$B$97,0)),"NA") -> 18.97 | H36: =E72 -> GR | I36: =C72 -> 108.58 | J36: =F72 -> 25.68
A37: ='Starlink countries with data'!B45 -> Ecuador | B37: ='Starlink countries with data'!E45 -> 18440 | C37: ='Starlink countries with data'!G45 -> 63.59 | D37: =B37/1000000 -> 0.01844 | E37: =INDEX('starlink countries list'!$A$2:$A$256,MATCH(A37,'starlink countries list'!$B$2:$B$256,0)) -> EC | F37: =IFERROR(INDEX('Starlink countries with data'!$H$6:$H$97,MATCH($A37,'Starlink countries with data'!$B$6:$B$97,0)),"NA") -> NA | H37: =E73 -> IE | I37: =C73 -> 76.25 | J37: =F73 -> 42.18
A38: ='Starlink countries with data'!B46 -> El Salvador | B38: ='Starlink countries with data'!E46 -> 6390000 | C38: ='Starlink countries with data'!G46 -> 36.44 | D38: =B38/1000000 -> 6.39 | E38: =INDEX('starlink countries list'!$A$2:$A$256,MATCH(A38,'starlink countries list'!$B$2:$B$256,0)) -> SV | F38: =IFERROR(INDEX('Starlink countries with data'!$H$6:$H$97,MATCH($A38,'Starlink countries with data'!$B$6:$B$97,0)),"NA") -> NA | H38: =E74 -> IT | I38: =C74 -> 65.22 | J38: =F74 -> 23.24
A39: ='Starlink countries with data'!B47 -> Guatemala | B39: ='Starlink countries with data'!E47 -> 18970000 | C39: ='Starlink countries with data'!G47 -> 27.02 | D39: =B39/1000000 -> 18.97 | E39: =INDEX('starlink countries list'!$A$2:$A$256,MATCH(A39,'starlink countries list'!$B$2:$B$256,0)) -> GT | F39: =IFERROR(INDEX('Starlink countries with data'!$H$6:$H$97,MATCH($A39,'Starlink countries with data'!$B$6:$B$97,0)),"NA") -> 20.31 | H39: =E75 -> NL | I39: =C75 -> 92.05 | J39: =F75 -> 32.3
... A45: ='Starlink countries with data'!B53 -> Paraguay | B45: ='Starlink countries with data'!E53 -> 7670000 | C45: ='Starlink countries with data'!G53 -> 46.98 | D45: =B45/1000000 -> 7.67 | E45: =INDEX('starlink countries list'!$A$2:$A$256,MATCH(A45,'starlink countries list'!$B$2:$B$256,0)) -> PY | F45: =IFERROR(INDEX('Starlink countries with data'!$H$6:$H$97,MATCH($A45,'Starlink countries with data'!$B$6:$B$97,0)),"NA") -> NA | H45: =E81 -> GB | I45: =C81 -> 99.55 | J45: =F81 -> 34.34
A46: ='Starlink countries with data'!B54 -> Peru | B46: ='Starlink countries with data'!E54 -> 35350000 | C46: ='Starlink countries with data'!G54 -> 42.96 | D46: =B46/1000000 -> 35.35 | E46: =INDEX('starlink countries list'!$A$2:$A$256,MATCH(A46,'starlink countries list'!$B$2:$B$256,0)) -> PE | F46: =IFERROR(INDEX('Starlink countries with data'!$H$6:$H$97,MATCH($A46,'Starlink countries with data'!$B$6:$B$97,0)),"NA") -> 22.41
A47: ='Starlink countries with data'!B55 -> Puerto Rico | B47: ='Starlink countries with data'!E55 -> 2934892 | C47: ='Starlink countries with data'!G55 -> 69.24 | D47: =B47/1000000 -> 2.934892 | E47: =INDEX('starlink countries list'!$A$2:$A$256,MATCH(A47,'starlink countries list'!$B$2:$B$256,0)) -> PR | F47: =IFERROR(INDEX('Starlink countries with data'!$H$6:$H$97,MATCH($A47,'Starlink countries with data'!$B$6:$B$97,0)),"NA") -> NA
A48: ='Starlink countries with data'!B56 -> Trinidad and Tobago | B48: ='Starlink countries with data'!E56 -> 1415646 | C48: ='Starlink countries with data'!G56 -> 80.4 | D48: =B48/1000000 -> 1.415646 | E48: =INDEX('starlink countries list'!$A$2:$A$256,MATCH(A48,'starlink countries list'!$B$2:$B$256,0)) -> TT | F48: =IFERROR(INDEX('Starlink countries with data'!$H$6:$H$97,MATCH($A48,'Starlink countries with data'!$B$6:$B$97,0)),"NA") -> 32.38
A49: ='Starlink countries with data'!B57 -> Uruguay | B49: ='Starlink countries with data'!E57 -> 3380000 | C49: ='Starlink countries with data'!G57 -> 90.91 | D49: =B49/1000000 -> 3.38 | E49: =INDEX('starlink countries list'!$A$2:$A$256,MATCH(A49,'starlink countries list'!$B$2:$B$256,0)) -> UY | F49: =IFERROR(INDEX('Starlink countries with data'!$H$6:$H$97,MATCH($A49,'Starlink countries with data'!$B$6:$B$97,0)),"NA") -> NA
A50: ='Starlink countries with data'!B58 -> Venezuela, Bolivarian Republic of | B50: ='Starlink countries with data'!E58 -> 30420000 | C50: ='Starlink countries with data'!G58 -> 27.1 | D50: =B50/1000000 -> 30.42 | E50: =INDEX('starlink countries list'!$A$2:$A$256,MATCH(A50,'starlink countries list'!$B$2:$B$256,0)) -> VE | F50: =IFERROR(INDEX('Starlink countries with data'!$H$6:$H$97,MATCH($A50,'Starlink countries with data'!$B$6:$B$97,0)),"NA") -> NA
A51: ='Starlink countries with data'!B61 -> Bahrain | B51: ='Starlink countries with data'!E61 -> 1720000 | C51: ='Starlink countries with data'!G61 -> 95.83 | D51: =B51/1000000 -> 1.72 | E51: =INDEX('starlink countries list'!$A$2:$A$256,MATCH(A51,'starlink countries list'!$B$2:$B$256,0)) -> BH | F51: =IFERROR(INDEX('Starlink countries with data'!$H$6:$H$97,MATCH($A51,'Starlink countries with data'!$B$6:$B$97,0)),"NA") -> NA
A52: ='Starlink countries with data'!B62 -> Iraq | B52: ='Starlink countries with data'!E62 -> 45920000 | C52: ='Starlink countries with data'!G62 -> 15.37 | D52: =B52/1000000 -> 45.92 | E52: =INDEX('starlink countries list'!$A$2:$A$256,MATCH(A52,'starlink countries list'!$B$2:$B$256,0)) -> IQ | F52: =IFERROR(INDEX('Starlink countries with data'!$H$6:$H$97,MATCH($A52,'Starlink countries with data'!$B$6:$B$97,0)),"NA") -> NA
A53: ='Starlink countries with data'!B63 -> Israel | B53: ='Starlink countries with data'!E63 -> 9590000 | C53: ='Starlink countries with data'!G63 -> 96.78 | D53: =B53/1000000 -> 9.59 | E53: =INDEX('starlink countries list'!$A$2:$A$256,MATCH(A53,'starlink countries list'!$B$2:$B$256,0)) -> IL | F53: =IFERROR(INDEX('Starlink countries with data'!$H$6:$H$97,MATCH($A53,'Starlink countries with data'!$B$6:$B$97,0)),"NA") -> NA
A54: ='Starlink countries with data'!B64 -> Jordan | B54: ='Starlink countries with data'!E64 -> 12250000 | C54: ='Starlink countries with data'!G64 -> 62 | D54: =B54/1000000 -> 12.25 | E54: =INDEX('starlink countries list'!$A$2:$A$256,MATCH(A54,'starlink countries list'!$B$2:$B$256,0)) -> JO | F54: =IFERROR(INDEX('Starlink countries with data'!$H$6:$H$97,MATCH($A54,'Starlink countries with data'!$B$6:$B$97,0)),"NA") -> NA
A55: ='Starlink countries with data'!B66 -> Kuwait | B55: ='Starlink countries with data'!E66 -> 4780000 | C55: ='Starlink countries with data'!G66 -> 44.29 | D55: =B55/1000000 -> 4.78 | E55: =INDEX('starlink countries list'!$A$2:$A$256,MATCH(A55,'starlink countries list'!$B$2:$B$256,0)) -> KW | F55: =IFERROR(INDEX('Starlink countries with data'!$H$6:$H$97,MATCH($A55,'Starlink countries with data'!$B$6:$B$97,0)),"NA") -> NA
A56: ='Starlink countries with data'!B67 -> Lebanon | B56: ='Starlink countries with data'!E67 -> 6890000 | C56: ='Starlink countries with data'!G67 -> 68.09 | D56: =B56/1000000 -> 6.89 | E56: =INDEX('starlink countries list'!$A$2:$A$256,MATCH(A56,'starlink countries list'!$B$2:$B$256,0)) -> LB | F56: =IFERROR(INDEX('Starlink countries with data'!$H$6:$H$97,MATCH($A56,'Starlink countries with data'!$B$6:$B$97,0)),"NA") -> NA
A57: ='Starlink countries with data'!B69 -> Oman | B57: ='Starlink countries with data'!E69 -> 4880000 | C57: ='Starlink countries with data'!G69 -> 79.47 | D57: =B57/1000000 -> 4.88 | E57: =INDEX('starlink countries list'!$A$2:$A$256,MATCH(A57,'starlink countries list'!$B$2:$B$256,0)) -> OM | F57: =IFERROR(INDEX('Starlink countries with data'!$H$6:$H$97,MATCH($A57,'Starlink countries with data'!$B$6:$B$97,0)),"NA") -> NA
A58: ='Starlink countries with data'!B70 -> Palestinian Territories | B58: ='Starlink countries with data'!E70 -> 5841654 | C58: ='Starlink countries with data'!G70 -> 45.11 | D58: =B58/1000000 -> 5.841654 | E58: =INDEX('starlink countries list'!$A$2:$A$256,MATCH(A58,'starlink countries list'!$B$2:$B$256,0)) -> PS | F58: =IFERROR(INDEX('Starlink countries with data'!$H$6:$H$97,MATCH($A58,'Starlink countries with data'!$B$6:$B$97,0)),"NA") -> NA
A59: ='Starlink countries with data'!B71 -> Qatar | B59: ='Starlink countries with data'!E71 -> 2780000 | C59: ='Starlink countries with data'!G71 -> 97.57 | D59: =B59/1000000 -> 2.78 | E59: =INDEX('starlink countries list'!$A$2:$A$256,MATCH(A59,'starlink countries list'!$B$2:$B$256,0)) -> QA | F59: =IFERROR(INDEX('Starlink countries with data'!$H$6:$H$97,MATCH($A59,'Starlink countries with data'!$B$6:$B$97,0)),"NA") -> NA
A60: ='Starlink countries with data'!B72 -> Saudi Arabia | B60: ='Starlink countries with data'!E72 -> 39850000 | C60: ='Starlink countries with data'!G72 -> 51.74 | D60: =B60/1000000 -> 39.85 | E60: =INDEX('starlink countries list'!$A$2:$A$256,MATCH(A60,'starlink countries list'!$B$2:$B$256,0)) -> SA | F60: =IFERROR(INDEX('Starlink countries with data'!$H$6:$H$97,MATCH($A60,'Starlink countries with data'!$B$6:$B$97,0)),"NA") -> NA
A61: ='Starlink countries with data'!B73 -> South Africa | B61: ='Starlink countries with data'!E73 -> 62310000 | C61: ='Starlink countries with data'!G73 -> 19.31 | D61: =B61/1000000 -> 62.31 | E61: =INDEX('starlink countries list'!$A$2:$A$256,MATCH(A61,'starlink countries list'!$B$2:$B$256,0)) -> ZA | F61: =IFERROR(INDEX('Starlink countries with data'!$H$6:$H$97,MATCH($A61,'Starlink countries with data'!$B$6:$B$97,0)),"NA") -> NA
A62: ='Starlink countries with data'!B74 -> United Arab Emirates | B62: ='Starlink countries with data'!E74 -> 9740000 | C62: ='Starlink countries with data'!G74 -> 95.82 | D62: =B62/1000000 -> 9.74 | E62: =INDEX('starlink countries list'!$A$2:$A$256,MATCH(A62,'starlink countries list'!$B$2:$B$256,0)) -> AE | F62: =IFERROR(INDEX('Starlink countries with data'!$H$6:$H$97,MATCH($A62,'Starlink countries with data'!$B$6:$B$97,0)),"NA") -> NA
A63: ='Starlink countries with data'!B75 -> Yemen | B63: ='Starlink countries with data'!E75 -> 34800000 | C63: ='Starlink countries with data'!G75 -> 15.18 | D63: =B63/1000000 -> 34.8 | E63: =INDEX('starlink countries list'!$A$2:$A$256,MATCH(A63,'starlink countries list'!$B$2:$B$256,0)) -> YE | F63: =IFERROR(INDEX('Starlink countries with data'!$H$6:$H$97,MATCH($A63,'Starlink countries with data'!$B$6:$B$97,0)),"NA") -> NA
A64: ='Starlink countries with data'!B78 -> Canada | B64: ='Starlink countries with data'!E78 -> 40470000 | C64: ='Starlink countries with data'!G78 -> 94.69 | D64: =B64/1000000 -> 40.47 | E64: =INDEX('starlink countries list'!$A$2:$A$256,MATCH(A64,'starlink countries list'!$B$2:$B$256,0)) -> CA | F64: =IFERROR(INDEX('Starlink countries with data'!$H$6:$H$97,MATCH($A64,'Starlink countries with data'!$B$6:$B$97,0)),"NA") -> 54.01
A65: ='Starlink countries with data'!B79 -> United States | B65: ='Starlink countries with data'!E79 -> 343500000 | C65: ='Starlink countries with data'!G79 -> 92.48 | D65: =B65/1000000 -> 343.5 | E65: =INDEX('starlink countries list'!$A$2:$A$256,MATCH(A65,'starlink countries list'!$B$2:$B$256,0)) -> US | F65: =IFERROR(INDEX('Starlink countries with data'!$H$6:$H$97,MATCH($A65,'Starlink countries with data'!$B$6:$B$97,0)),"NA") -> 66.35
A66: ='Starlink countries with data'!B82 -> Austria | B66: ='Starlink countries with data'!E82 -> 8790000 | C66: ='Starlink countries with data'!G82 -> 63.46 | D66: =B66/1000000 -> 8.79 | E66: =INDEX('starlink countries list'!$A$2:$A$256,MATCH(A66,'starlink countries list'!$B$2:$B$256,0)) -> AT | F66: =IFERROR(INDEX('Starlink countries with data'!$H$6:$H$97,MATCH($A66,'Starlink countries with data'!$B$6:$B$97,0)),"NA") -> 44.92
A67: ='Starlink countries with data'!B83 -> Belgium | B67: ='Starlink countries with data'!E83 -> 11770000 | C67: ='Starlink countries with data'!G83 -> 89.45 | D67: =B67/1000000 -> 11.77 | E67: =INDEX('starlink countries list'!$A$2:$A$256,MATCH(A67,'starlink countries list'!$B$2:$B$256,0)) -> BE | F67: =IFERROR(INDEX('Starlink countries with data'!$H$6:$H$97,MATCH($A67,'Starlink countries with data'!$B$6:$B$97,0)),"NA") -> 43.41
A68: ='Starlink countries with data'!B84 -> Denmark | B68: ='Starlink countries with data'!E84 -> 6000000 | C68: ='Starlink countries with data'!G84 -> 90.85 | D68: =B68/1000000 -> 6 | E68: =INDEX('starlink countries list'!$A$2:$A$256,MATCH(A68,'starlink countries list'!$B$2:$B$256,0)) -> DK | F68: =IFERROR(INDEX('Starlink countries with data'!$H$6:$H$97,MATCH($A68,'Starlink countries with data'!$B$6:$B$97,0)),"NA") -> 34.97
A69: ='Starlink countries with data'!B85 -> Finland | B69: ='Starlink countries with data'!E85 -> 5557511 | C69: ='Starlink countries with data'!G85 -> 70.8 | D69: =B69/1000000 -> 5.557511 | E69: =INDEX('starlink countries list'!$A$2:$A$256,MATCH(A69,'starlink countries list'!$B$2:$B$256,0)) -> FI | F69: =IFERROR(INDEX('Starlink countries with data'!$H$6:$H$97,MATCH($A69,'Starlink countries with data'!$B$6:$B$97,0)),"NA") -> 34.51
A70: ='Starlink countries with data'!B86 -> France | B70: ='Starlink countries with data'!E86 -> 65120000 | C70: ='Starlink countries with data'!G86 -> 101.07 | D70: =B70/1000000 -> 65.12 | E70: =INDEX('starlink countries list'!$A$2:$A$256,MATCH(A70,'starlink countries list'!$B$2:$B$256,0)) -> FR | F70: =IFERROR(INDEX('Starlink countries with data'!$H$6:$H$97,MATCH($A70,'Starlink countries with data'!$B$6:$B$97,0)),"NA") -> 24.18
A71: ='Starlink countries with data'!B87 -> Germany | B71: ='Starlink countries with data'!E87 -> 83640000 | C71: ='Starlink countries with data'!G87 -> 94.79 | D71: =B71/1000000 -> 83.64 | E71: =INDEX('starlink countries list'!$A$2:$A$256,MATCH(A71,'starlink countries list'!$B$2:$B$256,0)) -> DE | F71: =IFERROR(INDEX('Starlink countries with data'!$H$6:$H$97,MATCH($A71,'Starlink countries with data'!$B$6:$B$97,0)),"NA") -> 30.23
A72: ='Starlink countries with data'!B88 -> Greece | B72: ='Starlink countries with data'!E88 -> 10100000 | C72: ='Starlink countries with data'!G88 -> 108.58 | D72: =B72/1000000 -> 10.1 | E72: =INDEX('starlink countries list'!$A$2:$A$256,MATCH(A72,'starlink countries list'!$B$2:$B$256,0)) -> GR | F72: =IFERROR(INDEX('Starlink countries with data'!$H$6:$H$97,MATCH($A72,'Starlink countries with data'!$B$6:$B$97,0)),"NA") -> 25.68
A73: ='Starlink countries with data'!B89 -> Ireland | B73: ='Starlink countries with data'!E89 -> 5140000 | C73: ='Starlink countries with data'!G89 -> 76.25 | D73: =B73/1000000 -> 5.14 | E73: =INDEX('starlink countries list'!$A$2:$A$256,MATCH(A73,'starlink countries list'!$B$2:$B$256,0)) -> IE | F73: =IFERROR(INDEX('Starlink countries with data'!$H$6:$H$97,MATCH($A73,'Starlink countries with data'!$B$6:$B$97,0)),"NA") -> 42.18
A74: ='Starlink countries with data'!B90 -> Italy | B74: ='Starlink countries with data'!E90 -> 58845703 | C74: ='Starlink countries with data'!G90 -> 65.22 | D74: =B74/1000000 -> 58.845703 | E74: =INDEX('starlink countries list'!$A$2:$A$256,MATCH(A74,'starlink countries list'!$B$2:$B$256,0)) -> IT | F74: =IFERROR(INDEX('Starlink countries with data'!$H$6:$H$97,MATCH($A74,'Starlink countries with data'!$B$6:$B$97,0)),"NA") -> 23.24
A75: ='Starlink countries with data'!B91 -> Netherlands | B75: ='Starlink countries with data'!E91 -> 17770000 | C75: ='Starlink countries with data'!G91 -> 92.05 | D75: =B75/1000000 -> 17.77 | E75: =INDEX('starlink countries list'!$A$2:$A$256,MATCH(A75,'starlink countries list'!$B$2:$B$256,0)) -> NL | F75: =IFERROR(INDEX('Starlink countries with data'!$H$6:$H$97,MATCH($A75,'Starlink countries with data'!$B$6:$B$97,0)),"NA") -> 32.3
A76: ='Starlink countries with data'!B92 -> Norway | B76: ='Starlink countries with data'!E92 -> 5590000 | C76: ='Starlink countries with data'!G92 -> 96.03 | D76: =B76/1000000 -> 5.59 | E76: =INDEX('starlink countries list'!$A$2:$A$256,MATCH(A76,'starlink countries list'!$B$2:$B$256,0)) -> NO | F76: =IFERROR(INDEX('Starlink countries with data'!$H$6:$H$97,MATCH($A76,'Starlink countries with data'!$B$6:$B$97,0)),"NA") -> 36.15
A77: ='Starlink countries with data'!B93 -> Portugal | B77: ='Starlink countries with data'!E93 -> 10172106 | C77: ='Starlink countries with data'!G93 -> 93.09 | D77: =B77/1000000 -> 10.172106 | E77: =INDEX('starlink countries list'!$A$2:$A$256,MATCH(A77,'starlink countries list'!$B$2:$B$256,0)) -> PT | F77: =IFERROR(INDEX('Starlink countries with data'!$H$6:$H$97,MATCH($A77,'Starlink countries with data'!$B$6:$B$97,0)),"NA") -> 27.96
... A81: ='Starlink countries with data'!B97 -> United Kingdom | B81: ='Starlink countries with data'!E97 -> 69930000 | C81: ='Starlink countries with data'!G97 -> 99.55 | D81: =B81/1000000 -> 69.93 | E81: =INDEX('starlink countries list'!$A$2:$A$256,MATCH(A81,'starlink countries list'!$B$2:$B$256,0)) -> GB | F81: =IFERROR(INDEX('Starlink countries with data'!$H$6:$H$97,MATCH($A81,'Starlink countries with data'!$B$6:$B$97,0)),"NA") -> 34.34

Sheet Technology Market Share
A1: Broadband Technology Market Share — Starlink Available/Coming Soon Countries (2026)
A2: Market share = technology subscribers / total residential broadband subscribers, per country, 2026. Source: 'Population and Broadband subs' tab.
Y3: Dominant Technology Summary (82 countries)
A4: Region | B4: Country | C4: Data Tab Name | D4: Total Residential BB Subs (2026) | E4: Cable Subs (2026) | F4: Cable Share | G4: DSL Subs (2026) | H4: DSL Share | I4: Fiber Subs (2026) | J4: Fiber Share | K4: Satellite Subs (2026) | L4: Satellite Share | M4: Fixed Wireless Subs (2026) | N4: Fixed Wireless Share | O4: Other Subs (2026) | P4: Other Share | Q4: Dominant Technology | R4: Cable | S4: DSL | T4: Fiber | U4: Satellite | V4: Fixed Wireless | W4: Other | Y4: Technology | Z4: Country Count
A5: Asia Pacific | Y5: Cable | Z5: =COUNTIF($Q$6:$Q$97,Y5) -> 11
B6: ='Starlink countries with data'!B6 -> Australia | C6: ='Starlink countries with data'!D6 -> Australia | D6: =INDEX('Population and Broadband subs'!$D$324:$D$425,MATCH($C6,'Population and Broadband subs'!$A$324:$A$425,0)) -> 7982893 | E6: =INDEX('Population and Broadband subs'!$D$428:$D$529,MATCH($C6,'Population and Broadband subs'!$A$428:$A$529,0)) -> 607830 | F6: =IFERROR(E6/$D6,"NA") -> 0.076141569 | G6: =INDEX('Population and Broadband subs'!$D$532:$D$633,MATCH($C6,'Population and Broadband subs'!$A$532:$A$633,0)) -> 241129 | H6: =IFERROR(G6/$D6,"NA") -> 0.030205716 | I6: =INDEX('Population and Broadband subs'!$D$636:$D$737,MATCH($C6,'Population and Broadband subs'!$A$636:$A$737,0)) -> 6314151 | J6: =IFERROR(I6/$D6,"NA") -> 0.79096024 | K6: =INDEX('Population and Broadband subs'!$D$740:$D$841,MATCH($C6,'Population and Broadband subs'!$A$740:$A$841,0)) -> 155524 | L6: =IFERROR(K6/$D6,"NA") -> 0.01948216 | M6: =INDEX('Population and Broadband subs'!$D$844:$D$945,MATCH($C6,'Population and Broadband subs'!$A$844:$A$945,0)) -> 664259 | N6: =IFERROR(M6/$D6,"NA") -> 0.08321031 | O6: =INDEX('Population and Broadband subs'!$D$948:$D$1049,MATCH($C6,'Population and Broadband subs'!$A$948:$A$1049,0)) -> 0 | P6: =IFERROR(O6/$D6,"NA") -> 0 | Q6: =IF(COUNT(R6:W6)=0,"NA",INDEX($R$4:$W$4,MATCH(MAX(R6:W6),R6:W6,0))) -> Fiber | R6: =F6 -> 0.076141569 | S6: =H6 -> 0.030205716 | T6: =J6 -> 0.79096024 | U6: =L6 -> 0.01948216 | V6: =N6 -> 0.08321031 | W6: =P6 -> 0 | Y6: DSL | Z6: =COUNTIF($Q$6:$Q$97,Y6) -> 12
B7: ='Starlink countries with data'!B7 -> Cambodia | C7: ='Starlink countries with data'!D7 -> Cambodia | D7: =INDEX('Population and Broadband subs'!$D$324:$D$425,MATCH($C7,'Population and Broadband subs'!$A$324:$A$425,0)) -> 760035 | E7: =INDEX('Population and Broadband subs'!$D$428:$D$529,MATCH($C7,'Population and Broadband subs'!$A$428:$A$529,0)) -> 206933 | F7: =IFERROR(E7/$D7,"NA") -> 0.27226772 | G7: =INDEX('Population and Broadband subs'!$D$532:$D$633,MATCH($C7,'Population and Broadband subs'!$A$532:$A$633,0)) -> 8389 | H7: =IFERROR(G7/$D7,"NA") -> 0.01103765 | I7: =INDEX('Population and Broadband subs'!$D$636:$D$737,MATCH($C7,'Population and Broadband subs'!$A$636:$A$737,0)) -> 347805 | J7: =IFERROR(I7/$D7,"NA") -> 0.45761708 | K7: =INDEX('Population and Broadband subs'!$D$740:$D$841,MATCH($C7,'Population and Broadband subs'!$A$740:$A$841,0)) -> 0 | L7: =IFERROR(K7/$D7,"NA") -> 0 | M7: =INDEX('Population and Broadband subs'!$D$844:$D$945,MATCH($C7,'Population and Broadband subs'!$A$844:$A$945,0)) -> 196909 | N7: =IFERROR(M7/$D7,"NA") -> 0.25907886 | O7: =INDEX('Population and Broadband subs'!$D$948:$D$1049,MATCH($C7,'Population and Broadband subs'!$A$948:$A$1049,0)) -> 0 | P7: =IFERROR(O7/$D7,"NA") -> 0 | Q7: =IF(COUNT(R7:W7)=0,"NA",INDEX($R$4:$W$4,MATCH(MAX(R7:W7),R7:W7,0))) -> Fiber | R7: =F7 -> 0.27226772 | S7: =H7 -> 0.01103765 | T7: =J7 -> 0.45761708 | U7: =L7 -> 0 | V7: =N7 -> 0.25907886 | W7: =P7 -> 0 | Y7: Fiber | Z7: =COUNTIF($Q$6:$Q$97,Y7) -> 56
B8: ='Starlink countries with data'!B8 -> Indonesia | C8: ='Starlink countries with data'!D8 -> Indonesia | D8: =INDEX('Population and Broadband subs'!$D$324:$D$425,MATCH($C8,'Population and Broadband subs'!$A$324:$A$425,0)) -> 18616010 | E8: =INDEX('Population and Broadband subs'!$D$428:$D$529,MATCH($C8,'Population and Broadband subs'!$A$428:$A$529,0)) -> 690123 | F8: =IFERROR(E8/$D8,"NA") -> 0.037071478 | G8: =INDEX('Population and Broadband subs'!$D$532:$D$633,MATCH($C8,'Population and Broadband subs'!$A$532:$A$633,0)) -> 835959 | H8: =IFERROR(G8/$D8,"NA") -> 0.04490538 | I8: =INDEX('Population and Broadband subs'!$D$636:$D$737,MATCH($C8,'Population and Broadband subs'!$A$636:$A$737,0)) -> 17012819 | J8: =IFERROR(I8/$D8,"NA") -> 0.91388106 | K8: =INDEX('Population and Broadband subs'!$D$740:$D$841,MATCH($C8,'Population and Broadband subs'!$A$740:$A$841,0)) -> 7348 | L8: =IFERROR(K8/$D8,"NA") -> 0.00039471401 | M8: =INDEX('Population and Broadband subs'!$D$844:$D$945,MATCH($C8,'Population and Broadband subs'!$A$844:$A$945,0)) -> 69760 | N8: =IFERROR(M8/$D8,"NA") -> 0.0037473121 | O8: =INDEX('Population and Broadband subs'!$D$948:$D$1049,MATCH($C8,'Population and Broadband subs'!$A$948:$A$1049,0)) -> 0 | P8: =IFERROR(O8/$D8,"NA") -> 0 | Q8: =IF(COUNT(R8:W8)=0,"NA",INDEX($R$4:$W$4,MATCH(MAX(R8:W8),R8:W8,0))) -> Fiber | R8: =F8 -> 0.037071478 | S8: =H8 -> 0.04490538 | T8: =J8 -> 0.91388106 | U8: =L8 -> 0.00039471401 | V8: =N8 -> 0.0037473121 | W8: =P8 -> 0 | Y8: Satellite | Z8: =COUNTIF($Q$6:$Q$97,Y8) -> 0
B9: ='Starlink countries with data'!B9 -> Japan | C9: ='Starlink countries with data'!D9 -> Japan | D9: =INDEX('Population and Broadband subs'!$D$324:$D$425,MATCH($C9,'Population and Broadband subs'!$A$324:$A$425,0)) -> 53909050 | E9: =INDEX('Population and Broadband subs'!$D$428:$D$529,MATCH($C9,'Population and Broadband subs'!$A$428:$A$529,0)) -> 5899658 | F9: =IFERROR(E9/$D9,"NA") -> 0.10943725 | G9: =INDEX('Population and Broadband subs'!$D$532:$D$633,MATCH($C9,'Population and Broadband subs'!$A$532:$A$633,0)) -> 28861 | H9: =IFERROR(G9/$D9,"NA") -> 0.00053536466 | I9: =INDEX('Population and Broadband subs'!$D$636:$D$737,MATCH($C9,'Population and Broadband subs'!$A$636:$A$737,0)) -> 43180175 | J9: =IFERROR(I9/$D9,"NA") -> 0.80098193 | K9: =INDEX('Population and Broadband subs'!$D$740:$D$841,MATCH($C9,'Population and Broadband subs'!$A$740:$A$841,0)) -> 2195 | L9: =IFERROR(K9/$D9,"NA") -> 4.0716726e-05 | M9: =INDEX('Population and Broadband subs'!$D$844:$D$945,MATCH($C9,'Population and Broadband subs'!$A$844:$A$945,0)) -> 4798162 | N9: =IFERROR(M9/$D9,"NA") -> 0.089004759 | O9: =INDEX('Population and Broadband subs'!$D$948:$D$1049,MATCH($C9,'Population and Broadband subs'!$A$948:$A$1049,0)) -> 0 | P9: =IFERROR(O9/$D9,"NA") -> 0 | Q9: =IF(COUNT(R9:W9)=0,"NA",INDEX($R$4:$W$4,MATCH(MAX(R9:W9),R9:W9,0))) -> Fiber | R9: =F9 -> 0.10943725 | S9: =H9 -> 0.00053536466 | T9: =J9 -> 0.80098193 | U9: =L9 -> 4.0716726e-05 | V9: =N9 -> 0.089004759 | W9: =P9 -> 0 | Y9: Fixed Wireless | Z9: =COUNTIF($Q$6:$Q$97,Y9) -> 1
B10: ='Starlink countries with data'!B10 -> Korea, Republic of | C10: ='Starlink countries with data'!D10 -> South Korea | D10: =INDEX('Population and Broadband subs'!$D$324:$D$425,MATCH($C10,'Population and Broadband subs'!$A$324:$A$425,0)) -> 25060177 | E10: =INDEX('Population and Broadband subs'!$D$428:$D$529,MATCH($C10,'Population and Broadband subs'!$A$428:$A$529,0)) -> 1716155 | F10: =IFERROR(E10/$D10,"NA") -> 0.06848136 | G10: =INDEX('Population and Broadband subs'!$D$532:$D$633,MATCH($C10,'Population and Broadband subs'!$A$532:$A$633,0)) -> 195475 | H10: =IFERROR(G10/$D10,"NA") -> 0.0078002242 | I10: =INDEX('Population and Broadband subs'!$D$636:$D$737,MATCH($C10,'Population and Broadband subs'!$A$636:$A$737,0)) -> 23148548 | J10: =IFERROR(I10/$D10,"NA") -> 0.92371846 | K10: =INDEX('Population and Broadband subs'!$D$740:$D$841,MATCH($C10,'Population and Broadband subs'!$A$740:$A$841,0)) -> 0 | L10: =IFERROR(K10/$D10,"NA") -> 0 | M10: =INDEX('Population and Broadband subs'!$D$844:$D$945,MATCH($C10,'Population and Broadband subs'!$A$844:$A$945,0)) -> 0 | N10: =IFERROR(M10/$D10,"NA") -> 0 | O10: =INDEX('Population and Broadband subs'!$D$948:$D$1049,MATCH($C10,'Population and Broadband subs'!$A$948:$A$1049,0)) -> 0 | P10: =IFERROR(O10/$D10,"NA") -> 0 | Q10: =IF(COUNT(R10:W10)=0,"NA",INDEX($R$4:$W$4,MATCH(MAX(R10:W10),R10:W10,0))) -> Fiber | R10: =F10 -> 0.06848136 | S10: =H10 -> 0.0078002242 | T10: =J10 -> 0.92371846 | U10: =L10 -> 0 | V10: =N10 -> 0 | W10: =P10 -> 0 | Y10: Other | Z10: =COUNTIF($Q$6:$Q$97,Y10) -> 0
B11: ='Starlink countries with data'!B11 -> Lao People's Democratic Republic | C11: ='Starlink countries with data'!D11 -> Laos | D11: =INDEX('Population and Broadband subs'!$D$324:$D$425,MATCH($C11,'Population and Broadband subs'!$A$324:$A$425,0)) -> 271294 | E11: =INDEX('Population and Broadband subs'!$D$428:$D$529,MATCH($C11,'Population and Broadband subs'!$A$428:$A$529,0)) -> 221 | F11: =IFERROR(E11/$D11,"NA") -> 0.0008146144 | G11: =INDEX('Population and Broadband subs'!$D$532:$D$633,MATCH($C11,'Population and Broadband subs'!$A$532:$A$633,0)) -> 551 | H11: =IFERROR(G11/$D11,"NA") -> 0.002031007 | I11: =INDEX('Population and Broadband subs'!$D$636:$D$737,MATCH($C11,'Population and Broadband subs'!$A$636:$A$737,0)) -> 270224 | J11: =IFERROR(I11/$D11,"NA") -> 0.99605594 | K11: =INDEX('Population and Broadband subs'!$D$740:$D$841,MATCH($C11,'Population and Broadband subs'!$A$740:$A$841,0)) -> 0 | L11: =IFERROR(K11/$D11,"NA") -> 0 | M11: =INDEX('Population and Broadband subs'!$D$844:$D$945,MATCH($C11,'Population and Broadband subs'!$A$844:$A$945,0)) -> 299 | N11: =IFERROR(M11/$D11,"NA") -> 0.0011021254 | O11: =INDEX('Population and Broadband subs'!$D$948:$D$1049,MATCH($C11,'Population and Broadband subs'!$A$948:$A$1049,0)) -> 0 | P11: =IFERROR(O11/$D11,"NA") -> 0 | Q11: =IF(COUNT(R11:W11)=0,"NA",INDEX($R$4:$W$4,MATCH(MAX(R11:W11),R11:W11,0))) -> Fiber | R11: =F11 -> 0.0008146144 | S11: =H11 -> 0.002031007 | T11: =J11 -> 0.99605594 | U11: =L11 -> 0 | V11: =N11 -> 0.0011021254 | W11: =P11 -> 0 | Y11: NA (no data) | Z11: =COUNTIF($Q$6:$Q$97,"NA") -> 2
B12: ='Starlink countries with data'!B12 -> Malaysia | C12: ='Starlink countries with data'!D12 -> Malaysia | D12: =INDEX('Population and Broadband subs'!$D$324:$D$425,MATCH($C12,'Population and Broadband subs'!$A$324:$A$425,0)) -> 5273631 | E12: =INDEX('Population and Broadband subs'!$D$428:$D$529,MATCH($C12,'Population and Broadband subs'!$A$428:$A$529,0)) -> 0 | F12: =IFERROR(E12/$D12,"NA") -> 0 | G12: =INDEX('Population and Broadband subs'!$D$532:$D$633,MATCH($C12,'Population and Broadband subs'!$A$532:$A$633,0)) -> 0 | H12: =IFERROR(G12/$D12,"NA") -> 0 | I12: =INDEX('Population and Broadband subs'!$D$636:$D$737,MATCH($C12,'Population and Broadband subs'!$A$636:$A$737,0)) -> 5232033 | J12: =IFERROR(I12/$D12,"NA") -> 0.99211208 | K12: =INDEX('Population and Broadband subs'!$D$740:$D$841,MATCH($C12,'Population and Broadband subs'!$A$740:$A$841,0)) -> 16505 | L12: =IFERROR(K12/$D12,"NA") -> 0.0031297222 | M12: =INDEX('Population and Broadband subs'!$D$844:$D$945,MATCH($C12,'Population and Broadband subs'!$A$844:$A$945,0)) -> 25094 | N12: =IFERROR(M12/$D12,"NA") -> 0.0047583913 | O12: =INDEX('Population and Broadband subs'!$D$948:$D$1049,MATCH($C12,'Population and Broadband subs'!$A$948:$A$1049,0)) -> 0 | P12: =IFERROR(O12/$D12,"NA") -> 0 | Q12: =IF(COUNT(R12:W12)=0,"NA",INDEX($R$4:$W$4,MATCH(MAX(R12:W12),R12:W12,0))) -> Fiber | R12: =F12 -> 0 | S12: =H12 -> 0 | T12: =J12 -> 0.99211208 | U12: =L12 -> 0.0031297222 | V12: =N12 -> 0.0047583913 | W12: =P12 -> 0
B13: ='Starlink countries with data'!B13 -> Myanmar | C13: ='Starlink countries with data'!D13 -> Myanmar | D13: =INDEX('Population and Broadband subs'!$D$324:$D$425,MATCH($C13,'Population and Broadband subs'!$A$324:$A$425,0)) -> 1440690 | E13: =INDEX('Population and Broadband subs'!$D$428:$D$529,MATCH($C13,'Population and Broadband subs'!$A$428:$A$529,0)) -> 0 | F13: =IFERROR(E13/$D13,"NA") -> 0 | G13: =INDEX('Population and Broadband subs'!$D$532:$D$633,MATCH($C13,'Population and Broadband subs'!$A$532:$A$633,0)) -> 12117 | H13: =IFERROR(G13/$D13,"NA") -> 0.0084105533 | I13: =INDEX('Population and Broadband subs'!$D$636:$D$737,MATCH($C13,'Population and Broadband subs'!$A$636:$A$737,0)) -> 1358307 | J13: =IFERROR(I13/$D13,"NA") -> 0.94281698 | K13: =INDEX('Population and Broadband subs'!$D$740:$D$841,MATCH($C13,'Population and Broadband subs'!$A$740:$A$841,0)) -> 992 | L13: =IFERROR(K13/$D13,"NA") -> 0.00068855895 | M13: =INDEX('Population and Broadband subs'!$D$844:$D$945,MATCH($C13,'Population and Broadband subs'!$A$844:$A$945,0)) -> 69275 | N13: =IFERROR(M13/$D13,"NA") -> 0.048084598 | O13: =INDEX('Population and Broadband subs'!$D$948:$D$1049,MATCH($C13,'Population and Broadband subs'!$A$948:$A$1049,0)) -> 0 | P13: =IFERROR(O13/$D13,"NA") -> 0 | Q13: =IF(COUNT(R13:W13)=0,"NA",INDEX($R$4:$W$4,MATCH(MAX(R13:W13),R13:W13,0))) -> Fiber | R13: =F13 -> 0 | S13: =H13 -> 0.0084105533 | T13: =J13 -> 0.94281698 | U13: =L13 -> 0.00068855895 | V13: =N13 -> 0.048084598 | W13: =P13 -> 0
B14: ='Starlink countries with data'!B14 -> New Zealand | C14: ='Starlink countries with data'!D14 -> New Zealand | D14: =INDEX('Population and Broadband subs'!$D$324:$D$425,MATCH($C14,'Population and Broadband subs'!$A$324:$A$425,0)) -> 1648032 | E14: =INDEX('Population and Broadband subs'!$D$428:$D$529,MATCH($C14,'Population and Broadband subs'!$A$428:$A$529,0)) -> 68583 | F14: =IFERROR(E14/$D14,"NA") -> 0.04161509 | G14: =INDEX('Population and Broadband subs'!$D$532:$D$633,MATCH($C14,'Population and Broadband subs'!$A$532:$A$633,0)) -> 241939 | H14: =IFERROR(G14/$D14,"NA") -> 0.1468048 | I14: =INDEX('Population and Broadband subs'!$D$636:$D$737,MATCH($C14,'Population and Broadband subs'!$A$636:$A$737,0)) -> 987788 | J14: =IFERROR(I14/$D14,"NA") -> 0.59937428 | K14: =INDEX('Population and Broadband subs'!$D$740:$D$841,MATCH($C14,'Population and Broadband subs'!$A$740:$A$841,0)) -> 56600 | L14: =IFERROR(K14/$D14,"NA") -> 0.034343993 | M14: =INDEX('Population and Broadband subs'!$D$844:$D$945,MATCH($C14,'Population and Broadband subs'!$A$844:$A$945,0)) -> 293123 | N14: =IFERROR(M14/$D14,"NA") -> 0.17786244 | O14: =INDEX('Population and Broadband subs'!$D$948:$D$1049,MATCH($C14,'Population and Broadband subs'!$A$948:$A$1049,0)) -> 0 | P14: =IFERROR(O14/$D14,"NA") -> 0 | Q14: =IF(COUNT(R14:W14)=0,"NA",INDEX($R$4:$W$4,MATCH(MAX(R14:W14),R14:W14,0))) -> Fiber | R14: =F14 -> 0.04161509 | S14: =H14 -> 0.1468048 | T14: =J14 -> 0.59937428 | U14: =L14 -> 0.034343993 | V14: =N14 -> 0.17786244 | W14: =P14 -> 0
B15: ='Starlink countries with data'!B15 -> Philippines | C15: ='Starlink countries with data'!D15 -> Philippines | D15: =INDEX('Population and Broadband subs'!$D$324:$D$425,MATCH($C15,'Population and Broadband subs'!$A$324:$A$425,0)) -> 12651229 | E15: =INDEX('Population and Broadband subs'!$D$428:$D$529,MATCH($C15,'Population and Broadband subs'!$A$428:$A$529,0)) -> 534734 | F15: =IFERROR(E15/$D15,"NA") -> 0.042267356 | G15: =INDEX('Population and Broadband subs'!$D$532:$D$633,MATCH($C15,'Population and Broadband subs'!$A$532:$A$633,0)) -> 554119 | H15: =IFERROR(G15/$D15,"NA") -> 0.043799618 | I15: =INDEX('Population and Broadband subs'!$D$636:$D$737,MATCH($C15,'Population and Broadband subs'!$A$636:$A$737,0)) -> 10986596 | J15: =IFERROR(I15/$D15,"NA") -> 0.86842124 | K15: =INDEX('Population and Broadband subs'!$D$740:$D$841,MATCH($C15,'Population and Broadband subs'!$A$740:$A$841,0)) -> 68402 | L15: =IFERROR(K15/$D15,"NA") -> 0.0054067474 | M15: =INDEX('Population and Broadband subs'!$D$844:$D$945,MATCH($C15,'Population and Broadband subs'!$A$844:$A$945,0)) -> 500988 | N15: =IFERROR(M15/$D15,"NA") -> 0.039599947 | O15: =INDEX('Population and Broadband subs'!$D$948:$D$1049,MATCH($C15,'Population and Broadband subs'!$A$948:$A$1049,0)) -> 6390 | P15: =IFERROR(O15/$D15,"NA") -> 0.00050508927 | Q15: =IF(COUNT(R15:W15)=0,"NA",INDEX($R$4:$W$4,MATCH(MAX(R15:W15),R15:W15,0))) -> Fiber | R15: =F15 -> 0.042267356 | S15: =H15 -> 0.043799618 | T15: =J15 -> 0.86842124 | U15: =L15 -> 0.0054067474 | V15: =N15 -> 0.039599947 | W15: =P15 -> 0.00050508927
B16: ='Starlink countries with data'!B16 -> Singapore | C16: ='Starlink countries with data'!D16 -> Singapore | D16: =INDEX('Population and Broadband subs'!$D$324:$D$425,MATCH($C16,'Population and Broadband subs'!$A$324:$A$425,0)) -> 1527944 | E16: =INDEX('Population and Broadband subs'!$D$428:$D$529,MATCH($C16,'Population and Broadband subs'!$A$428:$A$529,0)) -> 0 | F16: =IFERROR(E16/$D16,"NA") -> 0 | G16: =INDEX('Population and Broadband subs'!$D$532:$D$633,MATCH($C16,'Population and Broadband subs'!$A$532:$A$633,0)) -> 0 | H16: =IFERROR(G16/$D16,"NA") -> 0 | I16: =INDEX('Population and Broadband subs'!$D$636:$D$737,MATCH($C16,'Population and Broadband subs'!$A$636:$A$737,0)) -> 1527944 | J16: =IFERROR(I16/$D16,"NA") -> 1 | K16: =INDEX('Population and Broadband subs'!$D$740:$D$841,MATCH($C16,'Population and Broadband subs'!$A$740:$A$841,0)) -> 0 | L16: =IFERROR(K16/$D16,"NA") -> 0 | M16: =INDEX('Population and Broadband subs'!$D$844:$D$945,MATCH($C16,'Population and Broadband subs'!$A$844:$A$945,0)) -> 0 | N16: =IFERROR(M16/$D16,"NA") -> 0 | O16: =INDEX('Population and Broadband subs'!$D$948:$D$1049,MATCH($C16,'Population and Broadband subs'!$A$948:$A$1049,0)) -> 0 | P16: =IFERROR(O16/$D16,"NA") -> 0 | Q16: =IF(COUNT(R16:W16)=0,"NA",INDEX($R$4:$W$4,MATCH(MAX(R16:W16),R16:W16,0))) -> Fiber | R16: =F16 -> 0 | S16: =H16 -> 0 | T16: =J16 -> 1 | U16: =L16 -> 0 | V16: =N16 -> 0 | W16: =P16 -> 0
B17: ='Starlink countries with data'!B17 -> Taiwan, Province of China | C17: ='Starlink countries with data'!D17 -> Taiwan | D17: =INDEX('Population and Broadband subs'!$D$324:$D$425,MATCH($C17,'Population and Broadband subs'!$A$324:$A$425,0)) -> 7347276 | E17: =INDEX('Population and Broadband subs'!$D$428:$D$529,MATCH($C17,'Population and Broadband subs'!$A$428:$A$529,0)) -> 2543760 | F17: =IFERROR(E17/$D17,"NA") -> 0.34621811 | G17: =INDEX('Population and Broadband subs'!$D$532:$D$633,MATCH($C17,'Population and Broadband subs'!$A$532:$A$633,0)) -> 181630 | H17: =IFERROR(G17/$D17,"NA") -> 0.024720726 | I17: =INDEX('Population and Broadband subs'!$D$636:$D$737,MATCH($C17,'Population and Broadband subs'!$A$636:$A$737,0)) -> 4621886 | J17: =IFERROR(I17/$D17,"NA") -> 0.62906116 | K17: =INDEX('Population and Broadband subs'!$D$740:$D$841,MATCH($C17,'Population and Broadband subs'!$A$740:$A$841,0)) -> 0 | L17: =IFERROR(K17/$D17,"NA") -> 0 | M17: =INDEX('Population and Broadband subs'!$D$844:$D$945,MATCH($C17,'Population and Broadband subs'!$A$844:$A$945,0)) -> 0 | N17: =IFERROR(M17/$D17,"NA") -> 0 | O17: =INDEX('Population and Broadband subs'!$D$948:$D$1049,MATCH($C17,'Population and Broadband subs'!$A$948:$A$1049,0)) -> 0 | P17: =IFERROR(O17/$D17,"NA") -> 0 | Q17: =IF(COUNT(R17:W17)=0,"NA",INDEX($R$4:$W$4,MATCH(MAX(R17:W17),R17:W17,0))) -> Fiber | R17: =F17 -> 0.34621811 | S17: =H17 -> 0.024720726 | T17: =J17 -> 0.62906116 | U17: =L17 -> 0 | V17: =N17 -> 0 | W17: =P17 -> 0
B18: ='Starlink countries with data'!B18 -> Viet Nam | C18: ='Starlink countries with data'!D18 -> Vietnam | D18: =INDEX('Population and Broadband subs'!$D$324:$D$425,MATCH($C18,'Population and Broadband subs'!$A$324:$A$425,0)) -> 24897638 | E18: =INDEX('Population and Broadband subs'!$D$428:$D$529,MATCH($C18,'Population and Broadband subs'!$A$428:$A$529,0)) -> 656390 | F18: =IFERROR(E18/$D18,"NA") -> 0.026363545 | G18: =INDEX('Population and Broadband subs'!$D$532:$D$633,MATCH($C18,'Population and Broadband subs'!$A$532:$A$633,0)) -> 14182 | H18: =IFERROR(G18/$D18,"NA") -> 0.00056961227 | I18: =INDEX('Population and Broadband subs'!$D$636:$D$737,MATCH($C18,'Population and Broadband subs'!$A$636:$A$737,0)) -> 24197131 | J18: =IFERROR(I18/$D18,"NA") -> 0.97186452 | K18: =INDEX('Population and Broadband subs'!$D$740:$D$841,MATCH($C18,'Population and Broadband subs'!$A$740:$A$841,0)) -> 0 | L18: =IFERROR(K18/$D18,"NA") -> 0 | M18: =INDEX('Population and Broadband subs'!$D$844:$D$945,MATCH($C18,'Population and Broadband subs'!$A$844:$A$945,0)) -> 0 | N18: =IFERROR(M18/$D18,"NA") -> 0 | O18: =INDEX('Population and Broadband subs'!$D$948:$D$1049,MATCH($C18,'Population and Broadband subs'!$A$948:$A$1049,0)) -> 29935 | P18: =IFERROR(O18/$D18,"NA") -> 0.0012023229 | Q18: =IF(COUNT(R18:W18)=0,"NA",INDEX($R$4:$W$4,MATCH(MAX(R18:W18),R18:W18,0))) -> Fiber | R18: =F18 -> 0.026363545 | S18: =H18 -> 0.00056961227 | T18: =J18 -> 0.97186452 | U18: =L18 -> 0 | V18: =N18 -> 0 | W18: =P18 -> 0.0012023229
A20: Eastern Europe
B21: ='Starlink countries with data'!B21 -> Bulgaria | C21: ='Starlink countries with data'!D21 -> Bulgaria | D21: =INDEX('Population and Broadband subs'!$D$324:$D$425,MATCH($C21,'Population and Broadband subs'!$A$324:$A$425,0)) -> 2686193 | E21: =INDEX('Population and Broadband subs'!$D$428:$D$529,MATCH($C21,'Population and Broadband subs'!$A$428:$A$529,0)) -> 218037 | F21: =IFERROR(E21/$D21,"NA") -> 0.081169521 | G21: =INDEX('Population and Broadband subs'!$D$532:$D$633,MATCH($C21,'Population and Broadband subs'!$A$532:$A$633,0)) -> 546314 | H21: =IFERROR(G21/$D21,"NA") -> 0.20337854 | I21: =INDEX('Population and Broadband subs'!$D$636:$D$737,MATCH($C21,'Population and Broadband subs'!$A$636:$A$737,0)) -> 1343251 | J21: =IFERROR(I21/$D21,"NA") -> 0.50005752 | K21: =INDEX('Population and Broadband subs'!$D$740:$D$841,MATCH($C21,'Population and Broadband subs'!$A$740:$A$841,0)) -> 699 | L21: =IFERROR(K21/$D21,"NA") -> 0.00026021957 | M21: =INDEX('Population and Broadband subs'!$D$844:$D$945,MATCH($C21,'Population and Broadband subs'!$A$844:$A$945,0)) -> 1015 | N21: =IFERROR(M21/$D21,"NA") -> 0.00037785818 | O21: =INDEX('Population and Broadband subs'!$D$948:$D$1049,MATCH($C21,'Population and Broadband subs'!$A$948:$A$1049,0)) -> 576877 | P21: =IFERROR(O21/$D21,"NA") -> 0.21475635 | Q21: =IF(COUNT(R21:W21)=0,"NA",INDEX($R$4:$W$4,MATCH(MAX(R21:W21),R21:W21,0))) -> Fiber | R21: =F21 -> 0.081169521 | S21: =H21 -> 0.20337854 | T21: =J21 -> 0.50005752 | U21: =L21 -> 0.00026021957 | V21: =N21 -> 0.00037785818 | W21: =P21 -> 0.21475635
B22: ='Starlink countries with data'!B22 -> Croatia | C22: ='Starlink countries with data'!D22 -> Croatia | D22: =INDEX('Population and Broadband subs'!$D$324:$D$425,MATCH($C22,'Population and Broadband subs'!$A$324:$A$425,0)) -> 1204292 | E22: =INDEX('Population and Broadband subs'!$D$428:$D$529,MATCH($C22,'Population and Broadband subs'!$A$428:$A$529,0)) -> 144545 | F22: =IFERROR(E22/$D22,"NA") -> 0.12002488 | G22: =INDEX('Population and Broadband subs'!$D$532:$D$633,MATCH($C22,'Population and Broadband subs'!$A$532:$A$633,0)) -> 402870 | H22: =IFERROR(G22/$D22,"NA") -> 0.3345285 | I22: =INDEX('Population and Broadband subs'!$D$636:$D$737,MATCH($C22,'Population and Broadband subs'!$A$636:$A$737,0)) -> 585722 | J22: =IFERROR(I22/$D22,"NA") -> 0.48636211 | K22: =INDEX('Population and Broadband subs'!$D$740:$D$841,MATCH($C22,'Population and Broadband subs'!$A$740:$A$841,0)) -> 12839 | L22: =IFERROR(K22/$D22,"NA") -> 0.010661036 | M22: =INDEX('Population and Broadband subs'!$D$844:$D$945,MATCH($C22,'Population and Broadband subs'!$A$844:$A$945,0)) -> 49572 | N22: =IFERROR(M22/$D22,"NA") -> 0.041162774 | O22: =INDEX('Population and Broadband subs'!$D$948:$D$1049,MATCH($C22,'Population and Broadband subs'!$A$948:$A$1049,0)) -> 8745 | P22: =IFERROR(O22/$D22,"NA") -> 0.0072615279 | Q22: =IF(COUNT(R22:W22)=0,"NA",INDEX($R$4:$W$4,MATCH(MAX(R22:W22),R22:W22,0))) -> Fiber | R22: =F22 -> 0.12002488 | S22: =H22 -> 0.3345285 | T22: =J22 -> 0.48636211 | U22: =L22 -> 0.010661036 | V22: =N22 -> 0.041162774 | W22: =P22 -> 0.0072615279
B23: ='Starlink countries with data'!B23 -> Czechia | C23: ='Starlink countries with data'!D23 -> Czechia | D23: =INDEX('Population and Broadband subs'!$D$324:$D$425,MATCH($C23,'Population and Broadband subs'!$A$324:$A$425,0)) -> 3720133 | E23: =INDEX('Population and Broadband subs'!$D$428:$D$529,MATCH($C23,'Population and Broadband subs'!$A$428:$A$529,0)) -> 590642 | F23: =IFERROR(E23/$D23,"NA") -> 0.15876905 | G23: =INDEX('Population and Broadband subs'!$D$532:$D$633,MATCH($C23,'Population and Broadband subs'!$A$532:$A$633,0)) -> 931443 | H23: =IFERROR(G23/$D23,"NA") -> 0.25037895 | I23: =INDEX('Population and Broadband subs'!$D$636:$D$737,MATCH($C23,'Population and Broadband subs'!$A$636:$A$737,0)) -> 1125520 | J23: =IFERROR(I23/$D23,"NA") -> 0.30254832 | K23: =INDEX('Population and Broadband subs'!$D$740:$D$841,MATCH($C23,'Population and Broadband subs'!$A$740:$A$841,0)) -> 570 | L23: =IFERROR(K23/$D23,"NA") -> 0.00015322033 | M23: =INDEX('Population and Broadband subs'!$D$844:$D$945,MATCH($C23,'Population and Broadband subs'!$A$844:$A$945,0)) -> 1067650 | N23: =IFERROR(M23/$D23,"NA") -> 0.28699243 | O23: =INDEX('Population and Broadband subs'!$D$948:$D$1049,MATCH($C23,'Population and Broadband subs'!$A$948:$A$1049,0)) -> 4308 | P23: =IFERROR(O23/$D23,"NA") -> 0.0011580231 | Q23: =IF(COUNT(R23:W23)=0,"NA",INDEX($R$4:$W$4,MATCH(MAX(R23:W23),R23:W23,0))) -> Fiber | R23: =F23 -> 0.15876905 | S23: =H23 -> 0.25037895 | T23: =J23 -> 0.30254832 | U23: =L23 -> 0.00015322033 | V23: =N23 -> 0.28699243 | W23: =P23 -> 0.0011580231
B24: ='Starlink countries with data'!B24 -> Estonia | C24: ='Starlink countries with data'!D24 -> Estonia | D24: =INDEX('Population and Broadband subs'!$D$324:$D$425,MATCH($C24,'Population and Broadband subs'!$A$324:$A$425,0)) -> 498071 | E24: =INDEX('Population and Broadband subs'!$D$428:$D$529,MATCH($C24,'Population and Broadband subs'!$A$428:$A$529,0)) -> 62172 | F24: =IFERROR(E24/$D24,"NA") -> 0.12482558 | G24: =INDEX('Population and Broadband subs'!$D$532:$D$633,MATCH($C24,'Population and Broadband subs'!$A$532:$A$633,0)) -> 59120 | H24: =IFERROR(G24/$D24,"NA") -> 0.11869794 | I24: =INDEX('Population and Broadband subs'!$D$636:$D$737,MATCH($C24,'Population and Broadband subs'!$A$636:$A$737,0)) -> 269970 | J24: =IFERROR(I24/$D24,"NA") -> 0.54203116 | K24: =INDEX('Population and Broadband subs'!$D$740:$D$841,MATCH($C24,'Population and Broadband subs'!$A$740:$A$841,0)) -> 0 | L24: =IFERROR(K24/$D24,"NA") -> 0 | M24: =INDEX('Population and Broadband subs'!$D$844:$D$945,MATCH($C24,'Population and Broadband subs'!$A$844:$A$945,0)) -> 104110 | N24: =IFERROR(M24/$D24,"NA") -> 0.20902642 | O24: =INDEX('Population and Broadband subs'!$D$948:$D$1049,MATCH($C24,'Population and Broadband subs'!$A$948:$A$1049,0)) -> 2700 | P24: =IFERROR(O24/$D24,"NA") -> 0.0054209139 | Q24: =IF(COUNT(R24:W24)=0,"NA",INDEX($R$4:$W$4,MATCH(MAX(R24:W24),R24:W24,0))) -> Fiber | R24: =F24 -> 0.12482558 | S24: =H24 -> 0.11869794 | T24: =J24 -> 0.54203116 | U24: =L24 -> 0 | V24: =N24 -> 0.20902642 | W24: =P24 -> 0.0054209139
B25: ='Starlink countries with data'!B25 -> Hungary | C25: ='Starlink countries with data'!D25 -> Hungary | D25: =INDEX('Population and Broadband subs'!$D$324:$D$425,MATCH($C25,'Population and Broadband subs'!$A$324:$A$425,0)) -> 3508829 | E25: =INDEX('Population and Broadband subs'!$D$428:$D$529,MATCH($C25,'Population and Broadband subs'!$A$428:$A$529,0)) -> 1319629 | F25: =IFERROR(E25/$D25,"NA") -> 0.37608815 | G25: =INDEX('Population and Broadband subs'!$D$532:$D$633,MATCH($C25,'Population and Broadband subs'!$A$532:$A$633,0)) -> 160214 | H25: =IFERROR(G25/$D25,"NA") -> 0.045660247 | I25: =INDEX('Population and Broadband subs'!$D$636:$D$737,MATCH($C25,'Population and Broadband subs'!$A$636:$A$737,0)) -> 1911457 | J25: =IFERROR(I25/$D25,"NA") -> 0.54475638 | K25: =INDEX('Population and Broadband subs'!$D$740:$D$841,MATCH($C25,'Population and Broadband subs'!$A$740:$A$841,0)) -> 2058 | L25: =IFERROR(K25/$D25,"NA") -> 0.00058652046 | M25: =INDEX('Population and Broadband subs'!$D$844:$D$945,MATCH($C25,'Population and Broadband subs'!$A$844:$A$945,0)) -> 115472 | N25: =IFERROR(M25/$D25,"NA") -> 0.032908985 | O25: =INDEX('Population and Broadband subs'!$D$948:$D$1049,MATCH($C25,'Population and Broadband subs'!$A$948:$A$1049,0)) -> 0 | P25: =IFERROR(O25/$D25,"NA") -> 0 | Q25: =IF(COUNT(R25:W25)=0,"NA",INDEX($R$4:$W$4,MATCH(MAX(R25:W25),R25:W25,0))) -> Fiber | R25: =F25 -> 0.37608815 | S25: =H25 -> 0.045660247 | T25: =J25 -> 0.54475638 | U25: =L25 -> 0.00058652046 | V25: =N25 -> 0.032908985 | W25: =P25 -> 0
B26: ='Starlink countries with data'!B26 -> Latvia | C26: ='Starlink countries with data'!D26 -> Latvia | D26: =INDEX('Population and Broadband subs'!$D$324:$D$425,MATCH($C26,'Population and Broadband subs'!$A$324:$A$425,0)) -> 479552 | E26: =INDEX('Population and Broadband subs'!$D$428:$D$529,MATCH($C26,'Population and Broadband subs'!$A$428:$A$529,0)) -> 6272 | F26: =IFERROR(E26/$D26,"NA") -> 0.013078874 | G26: =INDEX('Population and Broadband subs'!$D$532:$D$633,MATCH($C26,'Population and Broadband subs'!$A$532:$A$633,0)) -> 65133 | H26: =IFERROR(G26/$D26,"NA") -> 0.13582052 | I26: =INDEX('Population and Broadband subs'!$D$636:$D$737,MATCH($C26,'Population and Broadband subs'!$A$636:$A$737,0)) -> 388350 | J26: =IFERROR(I26/$D26,"NA") -> 0.80981833 | K26: =INDEX('Population and Broadband subs'!$D$740:$D$841,MATCH($C26,'Population and Broadband subs'!$A$740:$A$841,0)) -> 4329 | L26: =IFERROR(K26/$D26,"NA") -> 0.0090271754 | M26: =INDEX('Population and Broadband subs'!$D$844:$D$945,MATCH($C26,'Population and Broadband subs'!$A$844:$A$945,0)) -> 6098 | N26: =IFERROR(M26/$D26,"NA") -> 0.012716035 | O26: =INDEX('Population and Broadband subs'!$D$948:$D$1049,MATCH($C26,'Population and Broadband subs'!$A$948:$A$1049,0)) -> 9371 | P26: =IFERROR(O26/$D26,"NA") -> 0.019541155 | Q26: =IF(COUNT(R26:W26)=0,"NA",INDEX($R$4:$W$4,MATCH(MAX(R26:W26),R26:W26,0))) -> Fiber | R26: =F26 -> 0.013078874 | S26: =H26 -> 0.13582052 | T26: =J26 -> 0.80981833 | U26: =L26 -> 0.0090271754 | V26: =N26 -> 0.012716035 | W26: =P26 -> 0.019541155
B27: ='Starlink countries with data'!B27 -> Lithuania | C27: ='Starlink countries with data'!D27 -> Lithuania | D27: =INDEX('Population and Broadband subs'!$D$324:$D$425,MATCH($C27,'Population and Broadband subs'!$A$324:$A$425,0)) -> 779389 | E27: =INDEX('Population and Broadband subs'!$D$428:$D$529,MATCH($C27,'Population and Broadband subs'!$A$428:$A$529,0)) -> 13444 | F27: =IFERROR(E27/$D27,"NA") -> 0.017249409 | G27: =INDEX('Population and Broadband subs'!$D$532:$D$633,MATCH($C27,'Population and Broadband subs'!$A$532:$A$633,0)) -> 93086 | H27: =IFERROR(G27/$D27,"NA") -> 0.11943458 | I27: =INDEX('Population and Broadband subs'!$D$636:$D$737,MATCH($C27,'Population and Broadband subs'!$A$636:$A$737,0)) -> 648328 | J27: =IFERROR(I27/$D27,"NA") -> 0.83184135 | K27: =INDEX('Population and Broadband subs'!$D$740:$D$841,MATCH($C27,'Population and Broadband subs'!$A$740:$A$841,0)) -> 1000 | L27: =IFERROR(K27/$D27,"NA") -> 0.0012830563 | M27: =INDEX('Population and Broadband subs'!$D$844:$D$945,MATCH($C27,'Population and Broadband subs'!$A$844:$A$945,0)) -> 21339 | N27: =IFERROR(M27/$D27,"NA") -> 0.027379139 | O27: =INDEX('Population and Broadband subs'!$D$948:$D$1049,MATCH($C27,'Population and Broadband subs'!$A$948:$A$1049,0)) -> 2193 | P27: =IFERROR(O27/$D27,"NA") -> 0.0028137426 | Q27: =IF(COUNT(R27:W27)=0,"NA",INDEX($R$4:$W$4,MATCH(MAX(R27:W27),R27:W27,0))) -> Fiber | R27: =F27 -> 0.017249409 | S27: =H27 -> 0.11943458 | T27: =J27 -> 0.83184135 | U27: =L27 -> 0.0012830563 | V27: =N27 -> 0.027379139 | W27: =P27 -> 0.0028137426
B28: ='Starlink countries with data'!B28 -> Poland | C28: ='Starlink countries with data'!D28 -> Poland | D28: =INDEX('Population and Broadband subs'!$D$324:$D$425,MATCH($C28,'Population and Broadband subs'!$A$324:$A$425,0)) -> 10421021 | E28: =INDEX('Population and Broadband subs'!$D$428:$D$529,MATCH($C28,'Population and Broadband subs'!$A$428:$A$529,0)) -> 2011696 | F28: =IFERROR(E28/$D28,"NA") -> 0.19304212 | G28: =INDEX('Population and Broadband subs'!$D$532:$D$633,MATCH($C28,'Population and Broadband subs'!$A$532:$A$633,0)) -> 620976 | H28: =IFERROR(G28/$D28,"NA") -> 0.059588787 | I28: =INDEX('Population and Broadband subs'!$D$636:$D$737,MATCH($C28,'Population and Broadband subs'!$A$636:$A$737,0)) -> 7041858 | J28: =IFERROR(I28/$D28,"NA") -> 0.6757359 | K28: =INDEX('Population and Broadband subs'!$D$740:$D$841,MATCH($C28,'Population and Broadband subs'!$A$740:$A$841,0)) -> 0 | L28: =IFERROR(K28/$D28,"NA") -> 0 | M28: =INDEX('Population and Broadband subs'!$D$844:$D$945,MATCH($C28,'Population and Broadband subs'!$A$844:$A$945,0)) -> 393474 | N28: =IFERROR(M28/$D28,"NA") -> 0.037757721 | O28: =INDEX('Population and Broadband subs'!$D$948:$D$1049,MATCH($C28,'Population and Broadband subs'!$A$948:$A$1049,0)) -> 353018 | P28: =IFERROR(O28/$D28,"NA") -> 0.033875567 | Q28: =IF(COUNT(R28:W28)=0,"NA",INDEX($R$4:$W$4,MATCH(MAX(R28:W28),R28:W28,0))) -> Fiber | R28: =F28 -> 0.19304212 | S28: =H28 -> 0.059588787 | T28: =J28 -> 0.6757359 | U28: =L28 -> 0 | V28: =N28 -> 0.037757721 | W28: =P28 -> 0.033875567
B29: ='Starlink countries with data'!B29 -> Romania | C29: ='Starlink countries with data'!D29 -> Romania | D29: =INDEX('Population and Broadband subs'!$D$324:$D$425,MATCH($C29,'Population and Broadband subs'!$A$324:$A$425,0)) -> 7148437 | E29: =INDEX('Population and Broadband subs'!$D$428:$D$529,MATCH($C29,'Population and Broadband subs'!$A$428:$A$529,0)) -> 590633 | F29: =IFERROR(E29/$D29,"NA") -> 0.082624076 | G29: =INDEX('Population and Broadband subs'!$D$532:$D$633,MATCH($C29,'Population and Broadband subs'!$A$532:$A$633,0)) -> 10785 | H29: =IFERROR(G29/$D29,"NA") -> 0.0015087214 | I29: =INDEX('Population and Broadband subs'!$D$636:$D$737,MATCH($C29,'Population and Broadband subs'!$A$636:$A$737,0)) -> 6391145 | J29: =IFERROR(I29/$D29,"NA") -> 0.89406188 | K29: =INDEX('Population and Broadband subs'!$D$740:$D$841,MATCH($C29,'Population and Broadband subs'!$A$740:$A$841,0)) -> 0 | L29: =IFERROR(K29/$D29,"NA") -> 0 | M29: =INDEX('Population and Broadband subs'!$D$844:$D$945,MATCH($C29,'Population and Broadband subs'!$A$844:$A$945,0)) -> 30602 | N29: =IFERROR(M29/$D29,"NA") -> 0.0042809358 | O29: =INDEX('Population and Broadband subs'!$D$948:$D$1049,MATCH($C29,'Population and Broadband subs'!$A$948:$A$1049,0)) -> 125271 | P29: =IFERROR(O29/$D29,"NA") -> 0.01752425 | Q29: =IF(COUNT(R29:W29)=0,"NA",INDEX($R$4:$W$4,MATCH(MAX(R29:W29),R29:W29,0))) -> Fiber | R29: =F29 -> 0.082624076 | S29: =H29 -> 0.0015087214 | T29: =J29 -> 0.89406188 | U29: =L29 -> 0 | V29: =N29 -> 0.0042809358 | W29: =P29 -> 0.01752425
B30: ='Starlink countries with data'!B30 -> Serbia | C30: ='Starlink countries with data'!D30 -> Serbia | D30: =INDEX('Population and Broadband subs'!$D$324:$D$425,MATCH($C30,'Population and Broadband subs'!$A$324:$A$425,0)) -> 2293279 | E30: =INDEX('Population and Broadband subs'!$D$428:$D$529,MATCH($C30,'Population and Broadband subs'!$A$428:$A$529,0)) -> 824360 | F30: =IFERROR(E30/$D30,"NA") -> 0.35946782 | G30: =INDEX('Population and Broadband subs'!$D$532:$D$633,MATCH($C30,'Population and Broadband subs'!$A$532:$A$633,0)) -> 479028 | H30: =IFERROR(G30/$D30,"NA") -> 0.20888344 | I30: =INDEX('Population and Broadband subs'!$D$636:$D$737,MATCH($C30,'Population and Broadband subs'!$A$636:$A$737,0)) -> 889967 | J30: =IFERROR(I30/$D30,"NA") -> 0.3880762 | K30: =INDEX('Population and Broadband subs'!$D$740:$D$841,MATCH($C30,'Population and Broadband subs'!$A$740:$A$841,0)) -> 0 | L30: =IFERROR(K30/$D30,"NA") -> 0 | M30: =INDEX('Population and Broadband subs'!$D$844:$D$945,MATCH($C30,'Population and Broadband subs'!$A$844:$A$945,0)) -> 89379 | N30: =IFERROR(M30/$D30,"NA") -> 0.038974325 | O30: =INDEX('Population and Broadband subs'!$D$948:$D$1049,MATCH($C30,'Population and Broadband subs'!$A$948:$A$1049,0)) -> 10545 | P30: =IFERROR(O30/$D30,"NA") -> 0.0045982194 | Q30: =IF(COUNT(R30:W30)=0,"NA",INDEX($R$4:$W$4,MATCH(MAX(R30:W30),R30:W30,0))) -> Fiber | R30: =F30 -> 0.35946782 | S30: =H30 -> 0.20888344 | T30: =J30 -> 0.3880762 | U30: =L30 -> 0 | V30: =N30 -> 0.038974325 | W30: =P30 -> 0.0045982194
B31: ='Starlink countries with data'!B31 -> Slovakia | C31: ='Starlink countries with data'!D31 -> Slovakia | D31: =INDEX('Population and Broadband subs'!$D$324:$D$425,MATCH($C31,'Population and Broadband subs'!$A$324:$A$425,0)) -> 1759589 | E31: =INDEX('Population and Broadband subs'!$D$428:$D$529,MATCH($C31,'Population and Broadband subs'!$A$428:$A$529,0)) -> 168441 | F31: =IFERROR(E31/$D31,"NA") -> 0.095727468 | G31: =INDEX('Population and Broadband subs'!$D$532:$D$633,MATCH($C31,'Population and Broadband subs'!$A$532:$A$633,0)) -> 256158 | H31: =IFERROR(G31/$D31,"NA") -> 0.14557831 | I31: =INDEX('Population and Broadband subs'!$D$636:$D$737,MATCH($C31,'Population and Broadband subs'!$A$636:$A$737,0)) -> 1175913 | J31: =IFERROR(I31/$D31,"NA") -> 0.66828845 | K31: =INDEX('Population and Broadband subs'!$D$740:$D$841,MATCH($C31,'Population and Broadband subs'!$A$740:$A$841,0)) -> 604 | L31: =IFERROR(K31/$D31,"NA") -> 0.00034326198 | M31: =INDEX('Population and Broadband subs'!$D$844:$D$945,MATCH($C31,'Population and Broadband subs'!$A$844:$A$945,0)) -> 147650 | N31: =IFERROR(M31/$D31,"NA") -> 0.083911641 | O31: =INDEX('Population and Broadband subs'!$D$948:$D$1049,MATCH($C31,'Population and Broadband subs'!$A$948:$A$1049,0)) -> 10824 | P31: =IFERROR(O31/$D31,"NA") -> 0.0061514365 | Q31: =IF(COUNT(R31:W31)=0,"NA",INDEX($R$4:$W$4,MATCH(MAX(R31:W31),R31:W31,0))) -> Fiber | R31: =F31 -> 0.095727468 | S31: =H31 -> 0.14557831 | T31: =J31 -> 0.66828845 | U31: =L31 -> 0.00034326198 | V31: =N31 -> 0.083911641 | W31: =P31 -> 0.0061514365
B32: ='Starlink countries with data'!B32 -> Slovenia | C32: ='Starlink countries with data'!D32 -> Slovenia | D32: =INDEX('Population and Broadband subs'!$D$324:$D$425,MATCH($C32,'Population and Broadband subs'!$A$324:$A$425,0)) -> 773555 | E32: =INDEX('Population and Broadband subs'!$D$428:$D$529,MATCH($C32,'Population and Broadband subs'!$A$428:$A$529,0)) -> 163841 | F32: =IFERROR(E32/$D32,"NA") -> 0.21180265 | G32: =INDEX('Population and Broadband subs'!$D$532:$D$633,MATCH($C32,'Population and Broadband subs'!$A$532:$A$633,0)) -> 60261 | H32: =IFERROR(G32/$D32,"NA") -> 0.077901377 | I32: =INDEX('Population and Broadband subs'!$D$636:$D$737,MATCH($C32,'Population and Broadband subs'!$A$636:$A$737,0)) -> 493006 | J32: =IFERROR(I32/$D32,"NA") -> 0.63732508 | K32: =INDEX('Population and Broadband subs'!$D$740:$D$841,MATCH($C32,'Population and Broadband subs'!$A$740:$A$841,0)) -> 0 | L32: =IFERROR(K32/$D32,"NA") -> 0 | M32: =INDEX('Population and Broadband subs'!$D$844:$D$945,MATCH($C32,'Population and Broadband subs'!$A$844:$A$945,0)) -> 0 | N32: =IFERROR(M32/$D32,"NA") -> 0 | O32: =INDEX('Population and Broadband subs'!$D$948:$D$1049,MATCH($C32,'Population and Broadband subs'!$A$948:$A$1049,0)) -> 56447 | P32: =IFERROR(O32/$D32,"NA") -> 0.072970894 | Q32: =IF(COUNT(R32:W32)=0,"NA",INDEX($R$4:$W$4,MATCH(MAX(R32:W32),R32:W32,0))) -> Fiber | R32: =F32 -> 0.21180265 | S32: =H32 -> 0.077901377 | T32: =J32 -> 0.63732508 | U32: =L32 -> 0 | V32: =N32 -> 0 | W32: =P32 -> 0.072970894
B33: ='Starlink countries with data'!B33 -> Türkiye | C33: ='Starlink countries with data'!D33 -> Türkiye | D33: =INDEX('Population and Broadband subs'!$D$324:$D$425,MATCH($C33,'Population and Broadband subs'!$A$324:$A$425,0)) -> 24574121 | E33: =INDEX('Population and Broadband subs'!$D$428:$D$529,MATCH($C33,'Population and Broadband subs'!$A$428:$A$529,0)) -> 4209580 | F33: =IFERROR(E33/$D33,"NA") -> 0.17130135 | G33: =INDEX('Population and Broadband subs'!$D$532:$D$633,MATCH($C33,'Population and Broadband subs'!$A$532:$A$633,0)) -> 11043672 | H33: =IFERROR(G33/$D33,"NA") -> 0.44940252 | I33: =INDEX('Population and Broadband subs'!$D$636:$D$737,MATCH($C33,'Population and Broadband subs'!$A$636:$A$737,0)) -> 9312321 | J33: =IFERROR(I33/$D33,"NA") -> 0.37894828 | K33: =INDEX('Population and Broadband subs'!$D$740:$D$841,MATCH($C33,'Population and Broadband subs'!$A$740:$A$841,0)) -> 0 | L33: =IFERROR(K33/$D33,"NA") -> 0 | M33: =INDEX('Population and Broadband subs'!$D$844:$D$945,MATCH($C33,'Population and Broadband subs'!$A$844:$A$945,0)) -> 8548 | N33: =IFERROR(M33/$D33,"NA") -> 0.00034784561 | O33: =INDEX('Population and Broadband subs'!$D$948:$D$1049,MATCH($C33,'Population and Broadband subs'!$A$948:$A$1049,0)) -> 0 | P33: =IFERROR(O33/$D33,"NA") -> 0 | Q33: =IF(COUNT(R33:W33)=0,"NA",INDEX($R$4:$W$4,MATCH(MAX(R33:W33),R33:W33,0))) -> DSL | R33: =F33 -> 0.17130135 | S33: =H33 -> 0.44940252 | T33: =J33 -> 0.37894828 | U33: =L33 -> 0 | V33: =N33 -> 0.00034784561 | W33: =P33 -> 0
A35: Latin America and Caribbean
B36: ='Starlink countries with data'!B36 -> Argentina | C36: ='Starlink countries with data'!D36 -> Argentina | D36: =INDEX('Population and Broadband subs'!$D$324:$D$425,MATCH($C36,'Population and Broadband subs'!$A$324:$A$425,0)) -> 12739593 | E36: =INDEX('Population and Broadband subs'!$D$428:$D$529,MATCH($C36,'Population and Broadband subs'!$A$428:$A$529,0)) -> 5541236 | F36: =IFERROR(E36/$D36,"NA") -> 0.43496178 | G36: =INDEX('Population and Broadband subs'!$D$532:$D$633,MATCH($C36,'Population and Broadband subs'!$A$532:$A$633,0)) -> 38702 | H36: =IFERROR(G36/$D36,"NA") -> 0.0030379306 | I36: =INDEX('Population and Broadband subs'!$D$636:$D$737,MATCH($C36,'Population and Broadband subs'!$A$636:$A$737,0)) -> 6087234 | J36: =IFERROR(I36/$D36,"NA") -> 0.47782013 | K36: =INDEX('Population and Broadband subs'!$D$740:$D$841,MATCH($C36,'Population and Broadband subs'!$A$740:$A$841,0)) -> 235023 | L36: =IFERROR(K36/$D36,"NA") -> 0.018448235 | M36: =INDEX('Population and Broadband subs'!$D$844:$D$945,MATCH($C36,'Population and Broadband subs'!$A$844:$A$945,0)) -> 640943 | N36: =IFERROR(M36/$D36,"NA") -> 0.050311105 | O36: =INDEX('Population and Broadband subs'!$D$948:$D$1049,MATCH($C36,'Population and Broadband subs'!$A$948:$A$1049,0)) -> 196456 | P36: =IFERROR(O36/$D36,"NA") -> 0.015420901 | Q36: =IF(COUNT(R36:W36)=0,"NA",INDEX($R$4:$W$4,MATCH(MAX(R36:W36),R36:W36,0))) -> Fiber | R36: =F36 -> 0.43496178 | S36: =H36 -> 0.0030379306 | T36: =J36 -> 0.47782013 | U36: =L36 -> 0.018448235 | V36: =N36 -> 0.050311105 | W36: =P36 -> 0.015420901
B37: ='Starlink countries with data'!B37 -> Bahamas | C37: ='Starlink countries with data'!D37 -> Bahamas | D37: =INDEX('Population and Broadband subs'!$D$324:$D$425,MATCH($C37,'Population and Broadband subs'!$A$324:$A$425,0)) -> 77435 | E37: =INDEX('Population and Broadband subs'!$D$428:$D$529,MATCH($C37,'Population and Broadband subs'!$A$428:$A$529,0)) -> 40708 | F37: =IFERROR(E37/$D37,"NA") -> 0.52570543 | G37: =INDEX('Population and Broadband subs'!$D$532:$D$633,MATCH($C37,'Population and Broadband subs'!$A$532:$A$633,0)) -> 16821 | H37: =IFERROR(G37/$D37,"NA") -> 0.21722735 | I37: =INDEX('Population and Broadband subs'!$D$636:$D$737,MATCH($C37,'Population and Broadband subs'!$A$636:$A$737,0)) -> 14909 | J37: =IFERROR(I37/$D37,"NA") -> 0.19253568 | K37: =INDEX('Population and Broadband subs'!$D$740:$D$841,MATCH($C37,'Population and Broadband subs'!$A$740:$A$841,0)) -> 0 | L37: =IFERROR(K37/$D37,"NA") -> 0 | M37: =INDEX('Population and Broadband subs'!$D$844:$D$945,MATCH($C37,'Population and Broadband subs'!$A$844:$A$945,0)) -> 4997 | N37: =IFERROR(M37/$D37,"NA") -> 0.064531543 | O37: =INDEX('Population and Broadband subs'!$D$948:$D$1049,MATCH($C37,'Population and Broadband subs'!$A$948:$A$1049,0)) -> 0 | P37: =IFERROR(O37/$D37,"NA") -> 0 | Q37: =IF(COUNT(R37:W37)=0,"NA",INDEX($R$4:$W$4,MATCH(MAX(R37:W37),R37:W37,0))) -> Cable | R37: =F37 -> 0.52570543 | S37: =H37 -> 0.21722735 | T37: =J37 -> 0.19253568 | U37: =L37 -> 0 | V37: =N37 -> 0.064531543 | W37: =P37 -> 0
B38: ='Starlink countries with data'!B38 -> Barbados | C38: ='Starlink countries with data'!D38 -> Barbados | D38: =INDEX('Population and Broadband subs'!$D$324:$D$425,MATCH($C38,'Population and Broadband subs'!$A$324:$A$425,0)) -> 97018 | E38: =INDEX('Population and Broadband subs'!$D$428:$D$529,MATCH($C38,'Population and Broadband subs'!$A$428:$A$529,0)) -> 0 | F38: =IFERROR(E38/$D38,"NA") -> 0 | G38: =INDEX('Population and Broadband subs'!$D$532:$D$633,MATCH($C38,'Population and Broadband subs'!$A$532:$A$633,0)) -> 0 | H38: =IFERROR(G38/$D38,"NA") -> 0 | I38: =INDEX('Population and Broadband subs'!$D$636:$D$737,MATCH($C38,'Population and Broadband subs'!$A$636:$A$737,0)) -> 96857 | J38: =IFERROR(I38/$D38,"NA") -> 0.99834051 | K38: =INDEX('Population and Broadband subs'!$D$740:$D$841,MATCH($C38,'Population and Broadband subs'!$A$740:$A$841,0)) -> 0 | L38: =IFERROR(K38/$D38,"NA") -> 0 | M38: =INDEX('Population and Broadband subs'!$D$844:$D$945,MATCH($C38,'Population and Broadband subs'!$A$844:$A$945,0)) -> 161 | N38: =IFERROR(M38/$D38,"NA") -> 0.0016594859 | O38: =INDEX('Population and Broadband subs'!$D$948:$D$1049,MATCH($C38,'Population and Broadband subs'!$A$948:$A$1049,0)) -> 0 | P38: =IFERROR(O38/$D38,"NA") -> 0 | Q38: =IF(COUNT(R38:W38)=0,"NA",INDEX($R$4:$W$4,MATCH(MAX(R38:W38),R38:W38,0))) -> Fiber | R38: =F38 -> 0 | S38: =H38 -> 0 | T38: =J38 -> 0.99834051 | U38: =L38 -> 0 | V38: =N38 -> 0.0016594859 | W38: =P38 -> 0
B39: ='Starlink countries with data'!B39 -> Bolivia, Plurinational State of | C39: ='Starlink countries with data'!D39 -> Bolivia | D39: =INDEX('Population and Broadband subs'!$D$324:$D$425,MATCH($C39,'Population and Broadband subs'!$A$324:$A$425,0)) -> 1589668 | E39: =INDEX('Population and Broadband subs'!$D$428:$D$529,MATCH($C39,'Population and Broadband subs'!$A$428:$A$529,0)) -> 123890 | F39: =IFERROR(E39/$D39,"NA") -> 0.077934512 | G39: =INDEX('Population and Broadband subs'!$D$532:$D$633,MATCH($C39,'Population and Broadband subs'!$A$532:$A$633,0)) -> 70743 | H39: =IFERROR(G39/$D39,"NA") -> 0.044501745 | I39: =INDEX('Population and Broadband subs'!$D$636:$D$737,MATCH($C39,'Population and Broadband subs'!$A$636:$A$737,0)) -> 1199806 | J39: =IFERROR(I39/$D39,"NA") -> 0.75475256 | K39: =INDEX('Population and Broadband subs'!$D$740:$D$841,MATCH($C39,'Population and Broadband subs'!$A$740:$A$841,0)) -> 3348 | L39: =IFERROR(K39/$D39,"NA") -> 0.0021061001 | M39: =INDEX('Population and Broadband subs'!$D$844:$D$945,MATCH($C39,'Population and Broadband subs'!$A$844:$A$945,0)) -> 190363 | N39: =IFERROR(M39/$D39,"NA") -> 0.11975016 | O39: =INDEX('Population and Broadband subs'!$D$948:$D$1049,MATCH($C39,'Population and Broadband subs'!$A$948:$A$1049,0)) -> 1518 | P39: =IFERROR(O39/$D39,"NA") -> 0.00095491637 | Q39: =IF(COUNT(R39:W39)=0,"NA",INDEX($R$4:$W$4,MATCH(MAX(R39:W39),R39:W39,0))) -> Fiber | R39: =F39 -> 0.077934512 | S39: =H39 -> 0.044501745 | T39: =J39 -> 0.75475256 | U39: =L39 -> 0.0021061001 | V39: =N39 -> 0.11975016 | W39: =P39 -> 0.00095491637
B40: ='Starlink countries with data'!B40 -> Brazil | C40: ='Starlink countries with data'!D40 -> Brazil | D40: =INDEX('Population and Broadband subs'!$D$324:$D$425,MATCH($C40,'Population and Broadband subs'!$A$324:$A$425,0)) -> 50287033 | E40: =INDEX('Population and Broadband subs'!$D$428:$D$529,MATCH($C40,'Population and Broadband subs'!$A$428:$A$529,0)) -> 7534252 | F40: =IFERROR(E40/$D40,"NA") -> 0.14982495 | G40: =INDEX('Population and Broadband subs'!$D$532:$D$633,MATCH($C40,'Population and Broadband subs'!$A$532:$A$633,0)) -> 54966 | H40: =IFERROR(G40/$D40,"NA") -> 0.0010930452 | I40: =INDEX('Population and Broadband subs'!$D$636:$D$737,MATCH($C40,'Population and Broadband subs'!$A$636:$A$737,0)) -> 41498526 | J40: =IFERROR(I40/$D40,"NA") -> 0.82523314 | K40: =INDEX('Population and Broadband subs'!$D$740:$D$841,MATCH($C40,'Population and Broadband subs'!$A$740:$A$841,0)) -> 230456 | L40: =IFERROR(K40/$D40,"NA") -> 0.0045828116 | M40: =INDEX('Population and Broadband subs'!$D$844:$D$945,MATCH($C40,'Population and Broadband subs'!$A$844:$A$945,0)) -> 968833 | N40: =IFERROR(M40/$D40,"NA") -> 0.01926606 | O40: =INDEX('Population and Broadband subs'!$D$948:$D$1049,MATCH($C40,'Population and Broadband subs'!$A$948:$A$1049,0)) -> 0 | P40: =IFERROR(O40/$D40,"NA") -> 0 | Q40: =IF(COUNT(R40:W40)=0,"NA",INDEX($R$4:$W$4,MATCH(MAX(R40:W40),R40:W40,0))) -> Fiber | R40: =F40 -> 0.14982495 | S40: =H40 -> 0.0010930452 | T40: =J40 -> 0.82523314 | U40: =L40 -> 0.0045828116 | V40: =N40 -> 0.01926606 | W40: =P40 -> 0
B41: ='Starlink countries with data'!B41 -> Chile | C41: ='Starlink countries with data'!D41 -> Chile | D41: =INDEX('Population and Broadband subs'!$D$324:$D$425,MATCH($C41,'Population and Broadband subs'!$A$324:$A$425,0)) -> 4553468 | E41: =INDEX('Population and Broadband subs'!$D$428:$D$529,MATCH($C41,'Population and Broadband subs'!$A$428:$A$529,0)) -> 933242 | F41: =IFERROR(E41/$D41,"NA") -> 0.20495192 | G41: =INDEX('Population and Broadband subs'!$D$532:$D$633,MATCH($C41,'Population and Broadband subs'!$A$532:$A$633,0)) -> 2019 | H41: =IFERROR(G41/$D41,"NA") -> 0.00044339831 | I41: =INDEX('Population and Broadband subs'!$D$636:$D$737,MATCH($C41,'Population and Broadband subs'!$A$636:$A$737,0)) -> 3544398 | J41: =IFERROR(I41/$D41,"NA") -> 0.77839528 | K41: =INDEX('Population and Broadband subs'!$D$740:$D$841,MATCH($C41,'Population and Broadband subs'!$A$740:$A$841,0)) -> 43775 | L41: =IFERROR(K41/$D41,"NA") -> 0.0096135517 | M41: =INDEX('Population and Broadband subs'!$D$844:$D$945,MATCH($C41,'Population and Broadband subs'!$A$844:$A$945,0)) -> 30034 | N41: =IFERROR(M41/$D41,"NA") -> 0.0065958518 | O41: =INDEX('Population and Broadband subs'!$D$948:$D$1049,MATCH($C41,'Population and Broadband subs'!$A$948:$A$1049,0)) -> 0 | P41: =IFERROR(O41/$D41,"NA") -> 0 | Q41: =IF(COUNT(R41:W41)=0,"NA",INDEX($R$4:$W$4,MATCH(MAX(R41:W41),R41:W41,0))) -> Fiber | R41: =F41 -> 0.20495192 | S41: =H41 -> 0.00044339831 | T41: =J41 -> 0.77839528 | U41: =L41 -> 0.0096135517 | V41: =N41 -> 0.0065958518 | W41: =P41 -> 0
B42: ='Starlink countries with data'!B42 -> Colombia | C42: ='Starlink countries with data'!D42 -> Colombia | D42: =INDEX('Population and Broadband subs'!$D$324:$D$425,MATCH($C42,'Population and Broadband subs'!$A$324:$A$425,0)) -> 9074736 | E42: =INDEX('Population and Broadband subs'!$D$428:$D$529,MATCH($C42,'Population and Broadband subs'!$A$428:$A$529,0)) -> 4492403 | F42: =IFERROR(E42/$D42,"NA") -> 0.49504503 | G42: =INDEX('Population and Broadband subs'!$D$532:$D$633,MATCH($C42,'Population and Broadband subs'!$A$532:$A$633,0)) -> 188602 | H42: =IFERROR(G42/$D42,"NA") -> 0.020783194 | I42: =INDEX('Population and Broadband subs'!$D$636:$D$737,MATCH($C42,'Population and Broadband subs'!$A$636:$A$737,0)) -> 4043830 | J42: =IFERROR(I42/$D42,"NA") -> 0.44561407 | K42: =INDEX('Population and Broadband subs'!$D$740:$D$841,MATCH($C42,'Population and Broadband subs'!$A$740:$A$841,0)) -> 8459 | L42: =IFERROR(K42/$D42,"NA") -> 0.00093214833 | M42: =INDEX('Population and Broadband subs'!$D$844:$D$945,MATCH($C42,'Population and Broadband subs'!$A$844:$A$945,0)) -> 320675 | N42: =IFERROR(M42/$D42,"NA") -> 0.035337116 | O42: =INDEX('Population and Broadband subs'!$D$948:$D$1049,MATCH($C42,'Population and Broadband subs'!$A$948:$A$1049,0)) -> 20767 | P42: =IFERROR(O42/$D42,"NA") -> 0.0022884412 | Q42: =IF(COUNT(R42:W42)=0,"NA",INDEX($R$4:$W$4,MATCH(MAX(R42:W42),R42:W42,0))) -> Cable | R42: =F42 -> 0.49504503 | S42: =H42 -> 0.020783194 | T42: =J42 -> 0.44561407 | U42: =L42 -> 0.00093214833 | V42: =N42 -> 0.035337116 | W42: =P42 -> 0.0022884412
B43: ='Starlink countries with data'!B43 -> Costa Rica | C43: ='Starlink countries with data'!D43 -> Costa Rica | D43: =INDEX('Population and Broadband subs'!$D$324:$D$425,MATCH($C43,'Population and Broadband subs'!$A$324:$A$425,0)) -> 1423540 | E43: =INDEX('Population and Broadband subs'!$D$428:$D$529,MATCH($C43,'Population and Broadband subs'!$A$428:$A$529,0)) -> 377097 | F43: =IFERROR(E43/$D43,"NA") -> 0.26490088 | G43: =INDEX('Population and Broadband subs'!$D$532:$D$633,MATCH($C43,'Population and Broadband subs'!$A$532:$A$633,0)) -> 3805 | H43: =IFERROR(G43/$D43,"NA") -> 0.002672914 | I43: =INDEX('Population and Broadband subs'!$D$636:$D$737,MATCH($C43,'Population and Broadband subs'!$A$636:$A$737,0)) -> 935738 | J43: =IFERROR(I43/$D43,"NA") -> 0.65733172 | K43: =INDEX('Population and Broadband subs'!$D$740:$D$841,MATCH($C43,'Population and Broadband subs'!$A$740:$A$841,0)) -> 0 | L43: =IFERROR(K43/$D43,"NA") -> 0 | M43: =INDEX('Population and Broadband subs'!$D$844:$D$945,MATCH($C43,'Population and Broadband subs'!$A$844:$A$945,0)) -> 106900 | N43: =IFERROR(M43/$D43,"NA") -> 0.075094483 | O43: =INDEX('Population and Broadband subs'!$D$948:$D$1049,MATCH($C43,'Population and Broadband subs'!$A$948:$A$1049,0)) -> 0 | P43: =IFERROR(O43/$D43,"NA") -> 0 | Q43: =IF(COUNT(R43:W43)=0,"NA",INDEX($R$4:$W$4,MATCH(MAX(R43:W43),R43:W43,0))) -> Fiber | R43: =F43 -> 0.26490088 | S43: =H43 -> 0.002672914 | T43: =J43 -> 0.65733172 | U43: =L43 -> 0 | V43: =N43 -> 0.075094483 | W43: =P43 -> 0
