Workbook
Name IQ_CH: 110000
Name IQ_CQ: 5000
Name IQ_CY: 10000
Name IQ_DAILY: 500000
Name IQ_FH: 100000
Name IQ_FQ: 500
Name IQ_FY: 1000
Name IQ_LTM: 2000
Name IQ_MONTH: 15000
Name IQ_NTM: 6000
Name IQ_WEEK: 50000
Name IQ_YTD: 3000

Sheet Crowd Level by Month
A1: Average Crowd Level by Month — US Disney & Comcast (Universal) Parks
A2: Source: queue-times.com park statistics pages. Values are % average crowd level. "—" = month not yet occurred / no data reported.
A4: Owner | B4: Park | C4: Year | D4: Jan | E4: Feb | F4: Mar | G4: Apr | H4: May | I4: Jun | J4: Jul | K4: Aug | L4: Sep | M4: Oct | N4: Nov | O4: Dec | P4: Notes
A5: Disney | B5: Magic Kingdom (Walt Disney World, FL) | C5: 2024 | D5: 64 | E5: 64 | F5: 64 | G5: 49 | H5: 43 | I5: 45 | J5: 38 | K5: 36 | L5: 29 | M5: 29 | N5: 36 | O5: 45
A6: Disney | B6: Magic Kingdom (Walt Disney World, FL) | C6: 2025 | D6: 49 | E6: 50 | F6: 47 | G6: 42 | H6: 27 | I6: 28 | J6: 24 | K6: 22 | L6: 20 | M6: 31 | N6: 32 | O6: 43
A7: Disney | B7: Magic Kingdom (Walt Disney World, FL) | C7: 2026 | D7: 37 | E7: 46 | F7: 42 | G7: 40 | H7: 28 | I7: 26 | P7: 2026 data available through June only (site captured in July 2026).
A8: Disney | B8: Epcot (Walt Disney World, FL) | C8: 2024 | D8: 60 | E8: 69 | F8: 61 | G8: 56 | H8: 61 | I8: 53 | J8: 29 | K8: 30 | L8: 42 | M8: 38 | N8: 56 | O8: 63
A9: Disney | B9: Epcot (Walt Disney World, FL) | C9: 2025 | D9: 65 | E9: 64 | F9: 66 | G9: 47 | H9: 47 | I9: 30 | J9: 27 | K9: 27 | L9: 40 | M9: 49 | N9: 52 | O9: 55
A10: Disney | B10: Epcot (Walt Disney World, FL) | C10: 2026 | D10: 46 | E10: 66 | F10: 74 | G10: 62 | H10: 55 | I10: 44 | P10: 2026 data available through June only.
A11: Disney | B11: Hollywood Studios (Walt Disney World, FL) | C11: 2024 | D11: 65 | E11: 68 | F11: 60 | G11: 51 | H11: 47 | I11: 43 | J11: 34 | K11: 32 | L11: 24 | M11: 25 | N11: 37 | O11: 41
A12: Disney | B12: Hollywood Studios (Walt Disney World, FL) | C12: 2025 | D12: 44 | E12: 38 | F12: 42 | G12: 31 | H12: 27 | I12: 29 | J12: 27 | K12: 26 | L12: 15 | M12: 26 | N12: 27 | O12: 34
A13: Disney | B13: Hollywood Studios (Walt Disney World, FL) | C13: 2026 | D13: 37 | E13: 51 | F13: 44 | G13: 40 | H13: 23 | I13: 22 | P13: 2026 data available through June only.
A14: Disney | B14: Animal Kingdom (Walt Disney World, FL) | C14: 2024 | D14: 65 | E14: 71 | F14: 61 | G14: 52 | H14: 58 | I14: 53 | J14: 50 | K14: 47 | L14: 38 | M14: 27 | N14: 38 | O14: 43
A15: Disney | B15: Animal Kingdom (Walt Disney World, FL) | C15: 2025 | D15: 57 | E15: 55 | F15: 54 | G15: 53 | H15: 43 | I15: 43 | J15: 40 | K15: 35 | L15: 23 | M15: 29 | N15: 41 | O15: 46
A16: Disney | B16: Animal Kingdom (Walt Disney World, FL) | C16: 2026 | D16: 40 | E16: 50 | F16: 51 | G16: 50 | H16: 39 | I16: 31 | P16: 2026 data available through June only.
A17: Disney | B17: Disneyland (Anaheim, CA) | C17: 2024 | D17: 56 | E17: 55 | F17: 62 | G17: 54 | H17: 57 | I17: 55 | J17: 56 | K17: 58 | L17: 60 | M17: 57 | N17: 47 | O17: 45
A18: Disney | B18: Disneyland (Anaheim, CA) | C18: 2025 | D18: 42 | E18: 55 | F18: 63 | G18: 58 | H18: 34 | I18: 27 | J18: 25 | K18: 27 | L18: 24 | M18: 47 | N18: 42 | O18: 40
A19: Disney | B19: Disneyland (Anaheim, CA) | C19: 2026 | D19: 37 | E19: 32 | F19: 48 | G19: 53 | H19: 48 | I19: 31 | J19: 17 | P19: 2026 data available through July.
A20: Disney | B20: Disney California Adventure (Anaheim, CA) | C20: 2024 | D20: 57 | E20: 63 | F20: 72 | G20: 65 | H20: 55 | I20: 60 | J20: 66 | K20: 57 | L20: 44 | M20: 48 | N20: 41 | O20: 48
A21: Disney | B21: Disney California Adventure (Anaheim, CA) | C21: 2025 | D21: 56 | E21: 70 | F21: 79 | G21: 72 | H21: 60 | I21: 59 | J21: 49 | K21: 48 | L21: 37 | M21: 59 | N21: 57 | O21: 59
A22: Disney | B22: Disney California Adventure (Anaheim, CA) | C22: 2026 | D22: 64 | E22: 69 | F22: 81 | G22: 84 | H22: 76 | I22: 50 | J22: 39 | P22: 2026 data available through July.
A23: Comcast (Universal) | B23: Universal Studios Florida (Orlando) | C23: 2024 | D23: 58 | E23: 64 | F23: 66 | G23: 56 | H23: 49 | I23: 64 | J23: 71 | K23: 58 | L23: 36 | M23: 58 | N23: 57 | O23: 56
A24: Comcast (Universal) | B24: Universal Studios Florida (Orlando) | C24: 2025 | D24: 57 | E24: 52 | F24: 61 | G24: 57 | H24: 33 | I24: 46 | J24: 53 | K24: 38 | L24: 22 | M24: 45 | N24: 42 | O24: 43
A25: Comcast (Universal) | B25: Universal Studios Florida (Orlando) | C25: 2026 | D25: 46 | E25: 50 | F25: 40 | G25: 40 | H25: 24 | I25: 37 | P25: 2026 data available through June only.
A26: Comcast (Universal) | B26: Islands of Adventure (Orlando) | C26: 2024 | D26: 53 | E26: 66 | F26: 68 | G26: 56 | H26: 49 | I26: 47 | J26: 55 | K26: 36 | L26: 21 | M26: 39 | N26: 50 | O26: 53
A27: Comcast (Universal) | B27: Islands of Adventure (Orlando) | C27: 2025 | D27: 51 | E27: 54 | F27: 61 | G27: 56 | H27: 35 | I27: 44 | J27: 41 | K27: 38 | L27: 16 | M27: 42 | N27: 44 | O27: 48
A28: Comcast (Universal) | B28: Islands of Adventure (Orlando) | C28: 2026 | D28: 63 | E28: 66 | F28: 56 | G28: 50 | H28: 39 | I28: 33 | P28: 2026 data available through June only.
A29: Comcast (Universal) | B29: Epic Universe (Orlando) | C29: 2024 | P29: Park did not exist / opened in 2025 — no 2024 data on queue-times.com.
A30: Comcast (Universal) | B30: Epic Universe (Orlando) | C30: 2025 | H30: 36 | I30: 76 | J30: 76 | K30: 53 | L30: 49 | M30: 60 | N30: 48 | O30: 48 | P30: Park opened May 2025; no data prior to opening.
A31: Comcast (Universal) | B31: Epic Universe (Orlando) | C31: 2026 | D31: 58 | E31: 65 | F31: 34 | G31: 37 | H31: 21 | I31: 30 | P31: 2026 data available through June only.
A32: Comcast (Universal) | B32: Universal Studios Hollywood (Los Angeles, CA) | C32: 2024 | D32: 31 | E32: 31 | F32: 51 | G32: 39 | H32: 33 | I32: 50 | J32: 68 | K32: 61 | L32: 25 | M32: 33 | N32: 38 | O32: 38
A33: Comcast (Universal) | B33: Universal Studios Hollywood (Los Angeles, CA) | C33: 2025 | D33: 19 | E33: 17 | F33: 38 | G33: 41 | H33: 35 | I33: 39 | J33: 54 | K33: 55 | L33: 16 | M33: 26 | N33: 33 | O33: 38
A34: Comcast (Universal) | B34: Universal Studios Hollywood (Los Angeles, CA) | C34: 2026 | D34: 22 | E34: 22 | F34: 37 | G34: 43 | H34: 24 | P34: 2026 data available through May only.
A35: Comcast (Universal) | B35: Volcano Bay (Orlando, water park) | C35: 2024 | P35: queue-times.com has no tracked data for this park in 2024.
A36: Comcast (Universal) | B36: Volcano Bay (Orlando, water park) | C36: 2025 | P36: queue-times.com has no tracked data for this park in 2025 (tracking appears to have started in 2026).
A37: Comcast (Universal) | B37: Volcano Bay (Orlando, water park) | C37: 2026 | H37: 19 | I37: 25 | J37: 46 | P37: Only May-Jul 2026 reported; site also lists a planned closure Oct 2026-Spring 2027 (per third-party sources, not reflected in this data).

Sheet Sources & Notes
A1: Sources
A3: All figures scraped from queue-times.com park statistics pages ("Average crowd level by month" table), accessed July 27, 2026:
A4: Disney Magic Kingdom — queue-times.com/en-US/parks/6/stats/{year}
A5: Epcot — queue-times.com/en-US/parks/5/stats/{year}
A6: Disney Hollywood Studios — queue-times.com/en-US/parks/7/stats/{year}
A7: Animal Kingdom — queue-times.com/en-US/parks/8/stats/{year}
A8: Disneyland — queue-times.com/parks/16/stats/{year}
A9: Disney California Adventure — queue-times.com/parks/17/stats/{year}
A10: Universal Studios Florida (Universal Orlando) — queue-times.com/en-US/parks/65/stats/{year}
A11: Islands of Adventure (Universal Orlando) — queue-times.com/en-US/parks/64/stats/{year}
A12: Epic Universe (Universal Orlando) — queue-times.com/en-US/parks/334/stats/{year}
A13: Universal Studios Hollywood — queue-times.com/en-US/parks/66/stats/{year}
... A22: • All values are queue-times.com's own modeled/observed "crowd level" percentage (not official park attendance figures) — treat as a relative busyness indicator, not verified attendance data.

Sheet Q2 YoY Analysis
A1: Disney Parks — Q2 (Apr-Jun) Crowd Level: 2026 vs. Prior Two Years
A2: Q2 average = AVERAGE of that park/year's Apr, May, Jun crowd-level % from the 'Crowd Level by Month' tab. Formulas link back to that tab, so editing raw monthly figures updates this analysis automatically.
A4: Park | B4: Q2 2024 avg | C4: Q2 2025 avg | D4: Q2 2026 avg | E4: 2026 vs 2025 (pts) | F4: 2026 vs 2024 (pts) | G4: Direction vs 2025 | H4: Direction vs 2024
A5: Magic Kingdom | B5: =AVERAGE('Crowd Level by Month'!G5:I5) -> 45.666667 | C5: =AVERAGE('Crowd Level by Month'!G6:I6) -> 32.333333 | D5: =AVERAGE('Crowd Level by Month'!G7:I7) -> 31.333333 | E5: =D5-C5 -> -1 | F5: =D5-B5 -> -14.333333 | G5: =IF(E5>0,"Up",IF(E5<0,"Down","Flat")) -> Down | H5: =IF(F5>0,"Up",IF(F5<0,"Down","Flat")) -> Down
A6: Epcot | B6: =AVERAGE('Crowd Level by Month'!G8:I8) -> 56.666667 | C6: =AVERAGE('Crowd Level by Month'!G9:I9) -> 41.333333 | D6: =AVERAGE('Crowd Level by Month'!G10:I10) -> 53.666667 | E6: =D6-C6 -> 12.333333 | F6: =D6-B6 -> -3 | G6: =IF(E6>0,"Up",IF(E6<0,"Down","Flat")) -> Up | H6: =IF(F6>0,"Up",IF(F6<0,"Down","Flat")) -> Down
A7: Hollywood Studios | B7: =AVERAGE('Crowd Level by Month'!G11:I11) -> 47 | C7: =AVERAGE('Crowd Level by Month'!G12:I12) -> 29 | D7: =AVERAGE('Crowd Level by Month'!G13:I13) -> 28.333333 | E7: =D7-C7 -> -0.66666667 | F7: =D7-B7 -> -18.666667 | G7: =IF(E7>0,"Up",IF(E7<0,"Down","Flat")) -> Down | H7: =IF(F7>0,"Up",IF(F7<0,"Down","Flat")) -> Down
A8: Animal Kingdom | B8: =AVERAGE('Crowd Level by Month'!G14:I14) -> 54.333333 | C8: =AVERAGE('Crowd Level by Month'!G15:I15) -> 46.333333 | D8: =AVERAGE('Crowd Level by Month'!G16:I16) -> 40 | E8: =D8-C8 -> -6.3333333 | F8: =D8-B8 -> -14.333333 | G8: =IF(E8>0,"Up",IF(E8<0,"Down","Flat")) -> Down | H8: =IF(F8>0,"Up",IF(F8<0,"Down","Flat")) -> Down
A9: Disneyland | B9: =AVERAGE('Crowd Level by Month'!G17:I17) -> 55.333333 | C9: =AVERAGE('Crowd Level by Month'!G18:I18) -> 39.666667 | D9: =AVERAGE('Crowd Level by Month'!G19:I19) -> 44 | E9: =D9-C9 -> 4.3333333 | F9: =D9-B9 -> -11.333333 | G9: =IF(E9>0,"Up",IF(E9<0,"Down","Flat")) -> Up | H9: =IF(F9>0,"Up",IF(F9<0,"Down","Flat")) -> Down
A10: Disney California Adventure | B10: =AVERAGE('Crowd Level by Month'!G20:I20) -> 60 | C10: =AVERAGE('Crowd Level by Month'!G21:I21) -> 63.666667 | D10: =AVERAGE('Crowd Level by Month'!G22:I22) -> 70 | E10: =D10-C10 -> 6.3333333 | F10: =D10-B10 -> 10 | G10: =IF(E10>0,"Up",IF(E10<0,"Down","Flat")) -> Up | H10: =IF(F10>0,"Up",IF(F10<0,"Down","Flat")) -> Up
A11: All 6 parks (average) | B11: =AVERAGE(B5:B10) -> 53.166667 | C11: =AVERAGE(C5:C10) -> 42.055556 | D11: =AVERAGE(D5:D10) -> 44.555556 | E11: =D11-C11 -> 2.5 | F11: =D11-B11 -> -8.6111111 | G11: =IF(E11>0,"Up",IF(E11<0,"Down","Flat")) -> Up | H11: =IF(F11>0,"Up",IF(F11<0,"Down","Flat")) -> Down
A13: Walt Disney World (FL) avg — Magic Kingdom, Epcot, Hollywood Studios, Animal Kingdom | B13: =AVERAGE(B5:B8) -> 50.916667 | C13: =AVERAGE(C5:C8) -> 37.25 | D13: =AVERAGE(D5:D8) -> 38.333333 | E13: =D13-C13 -> 1.0833333 | F13: =D13-B13 -> -12.583333
A14: Anaheim (CA) avg — Disneyland, Disney California Adventure | B14: =AVERAGE(B9:B10) -> 57.666667 | C14: =AVERAGE(C9:C10) -> 51.666667 | D14: =AVERAGE(D9:D10) -> 57 | E14: =D14-C14 -> 5.3333333 | F14: =D14-B14 -> -0.66666667
A36: Reading this table:
A37: - "2026 vs 2025 (pts)" and "2026 vs 2024 (pts)" are simple percentage-point differences in average Q2 crowd level, not percent change.
A38: - Positive = busier in 2026 than the comparison year; negative = quieter.
A39: - Walt Disney World parks (Orlando) are, on net, quieter in Q2 2026 than in Q2 2024, and roughly flat-to-down vs. 2025.
A40: - The two Anaheim parks are trending the opposite direction, especially Disney California Adventure, which has grown busier three years running.
A41: - "Crowd level %" is queue-times.com's own modeled busyness index (derived from ride wait times), not official park attendance.

Sheet Q2 YoY Analysis (SUM)
A1: Disney Parks — Q2 (Apr-Jun) Crowd Level SUM: 2026 vs. Prior Two Years
A2: Q2 total = SUM of that park/year's Apr, May, Jun crowd-level % from the 'Crowd Level by Month' tab (i.e. the three monthly percentages added together, not averaged). Formulas link back to that tab.
A4: Park | B4: Q2 2024 sum | C4: Q2 2025 sum | D4: Q2 2026 sum | E4: 2026 vs 2025 (pts) | F4: 2026 vs 2024 (pts) | G4: Direction vs 2025 | H4: Direction vs 2024
A5: Magic Kingdom | B5: =SUM('Crowd Level by Month'!G5:I5) -> 137 | C5: =SUM('Crowd Level by Month'!G6:I6) -> 97 | D5: =SUM('Crowd Level by Month'!G7:I7) -> 94 | E5: =D5-C5 -> -3 | F5: =D5-B5 -> -43 | G5: =IF(E5>0,"Up",IF(E5<0,"Down","Flat")) -> Down | H5: =IF(F5>0,"Up",IF(F5<0,"Down","Flat")) -> Down
A6: Epcot | B6: =SUM('Crowd Level by Month'!G8:I8) -> 170 | C6: =SUM('Crowd Level by Month'!G9:I9) -> 124 | D6: =SUM('Crowd Level by Month'!G10:I10) -> 161 | E6: =D6-C6 -> 37 | F6: =D6-B6 -> -9 | G6: =IF(E6>0,"Up",IF(E6<0,"Down","Flat")) -> Up | H6: =IF(F6>0,"Up",IF(F6<0,"Down","Flat")) -> Down
A7: Hollywood Studios | B7: =SUM('Crowd Level by Month'!G11:I11) -> 141 | C7: =SUM('Crowd Level by Month'!G12:I12) -> 87 | D7: =SUM('Crowd Level by Month'!G13:I13) -> 85 | E7: =D7-C7 -> -2 | F7: =D7-B7 -> -56 | G7: =IF(E7>0,"Up",IF(E7<0,"Down","Flat")) -> Down | H7: =IF(F7>0,"Up",IF(F7<0,"Down","Flat")) -> Down
A8: Animal Kingdom | B8: =SUM('Crowd Level by Month'!G14:I14) -> 163 | C8: =SUM('Crowd Level by Month'!G15:I15) -> 139 | D8: =SUM('Crowd Level by Month'!G16:I16) -> 120 | E8: =D8-C8 -> -19 | F8: =D8-B8 -> -43 | G8: =IF(E8>0,"Up",IF(E8<0,"Down","Flat")) -> Down | H8: =IF(F8>0,"Up",IF(F8<0,"Down","Flat")) -> Down
A9: Disneyland | B9: =SUM('Crowd Level by Month'!G17:I17) -> 166 | C9: =SUM('Crowd Level by Month'!G18:I18) -> 119 | D9: =SUM('Crowd Level by Month'!G19:I19) -> 132 | E9: =D9-C9 -> 13 | F9: =D9-B9 -> -34 | G9: =IF(E9>0,"Up",IF(E9<0,"Down","Flat")) -> Up | H9: =IF(F9>0,"Up",IF(F9<0,"Down","Flat")) -> Down
A10: Disney California Adventure | B10: =SUM('Crowd Level by Month'!G20:I20) -> 180 | C10: =SUM('Crowd Level by Month'!G21:I21) -> 191 | D10: =SUM('Crowd Level by Month'!G22:I22) -> 210 | E10: =D10-C10 -> 19 | F10: =D10-B10 -> 30 | G10: =IF(E10>0,"Up",IF(E10<0,"Down","Flat")) -> Up | H10: =IF(F10>0,"Up",IF(F10<0,"Down","Flat")) -> Up
A11: All 6 parks (total) | B11: =SUM(B5:B10) -> 957 | C11: =SUM(C5:C10) -> 757 | D11: =SUM(D5:D10) -> 802 | E11: =D11-C11 -> 45 | F11: =D11-B11 -> -155 | G11: =IF(E11>0,"Up",IF(E11<0,"Down","Flat")) -> Up | H11: =IF(F11>0,"Up",IF(F11<0,"Down","Flat")) -> Down
A13: Walt Disney World (FL) sum — Magic Kingdom, Epcot, Hollywood Studios, Animal Kingdom | B13: =SUM(B5:B8) -> 611 | C13: =SUM(C5:C8) -> 447 | D13: =SUM(D5:D8) -> 460 | E13: =D13-C13 -> 13 | F13: =D13-B13 -> -151
A14: Anaheim (CA) sum — Disneyland, Disney California Adventure | B14: =SUM(B9:B10) -> 346 | C14: =SUM(C9:C10) -> 310 | D14: =SUM(D9:D10) -> 342 | E14: =D14-C14 -> 32 | F14: =D14-B14 -> -4
A36: Reading this table:
A37: - This tab mirrors 'Q2 YoY Analysis' but sums the three Q2 months (Apr+May+Jun) instead of averaging them.
A38: - Because it's a sum of three percentages, the numbers here are roughly 3x the average-based figures on the other tab — same underlying data, different arithmetic.
A39: - Point deltas (vs 2025 / vs 2024) are also on this summed scale, so a delta here is ~3x the equivalent point delta on the AVERAGE tab.
A40: - Directional conclusions (up/down) are identical to the AVERAGE tab, since SUM and AVERAGE of the same three numbers always move in the same direction.
A41: - "Crowd level %" is queue-times.com's own modeled busyness index (derived from ride wait times), not official park attendance.
